Fecha	 Super_95_€ 	 Super_95_€_Sin_Imp 	 Diesel_€ 	 Diesel_€_Sin_Imp 	 Diesel_Calef_€ 	 Diesel_Calef_€_Sin_Imp 	 Precio_Barril_Brent_$ 	 Precio_barril_Opep_$ 	Tasa_Cambio_$_€	Precio_Barril_Brent_€	Precio_barril_Opep_€
03/01/2005	 0,841   	 0,323   	 0,808   	 0,396   	 0,486   	 0,334   	 40,75 	 36,57 	0,7428	 30,269   	 27,164   
10/01/2005	 0,841   	 0,322   	 0,807   	 0,396   	 0,448   	 0,303   	 44,71 	 40,12 	0,7644	 34,176   	 30,668   
17/01/2005	 0,844   	 0,325   	 0,808   	 0,397   	 0,446   	 0,300   	 45,10 	 41,81 	0,7656	 34,529   	 32,010   
24/01/2005	 0,853   	 0,332   	 0,808   	 0,397   	 0,453   	 0,305   	 45,74 	 42,49 	0,7659	 35,032   	 32,543   
31/01/2005	 0,861   	 0,340   	 0,813   	 0,401   	 0,463   	 0,314   	 44,51 	 40,95 	0,7673	 34,153   	 31,421   
07/02/2005	 0,873   	 0,349   	 0,813   	 0,401   	 0,473   	 0,322   	 42,70 	 39,98 	0,7837	 33,464   	 31,332   
14/02/2005	 0,884   	 0,359   	 0,816   	 0,404   	 0,464   	 0,317   	 44,51 	 41,44 	0,7714	 34,335   	 31,967   
21/02/2005	 0,885   	 0,360   	 0,820   	 0,407   	 0,460   	 0,318   	 46,09 	 43,12 	0,7654	 35,277   	 33,004   
28/02/2005	 0,889   	 0,363   	 0,839   	 0,423   	 0,465   	 0,318   	 50,13 	 46,26 	0,7556	 37,878   	 34,954   
07/03/2005	 0,902   	 0,375   	 0,859   	 0,440   	 0,475   	 0,331   	 51,87 	 48,15 	0,7571	 39,271   	 36,454   
14/03/2005	 0,902   	 0,375   	 0,863   	 0,444   	 0,502   	 0,356   	 53,68 	 49,59 	0,748	 40,153   	 37,093   
21/03/2005	 0,903   	 0,376   	 0,864   	 0,445   	 0,515   	 0,367   	 55,79 	 51,76 	0,7591	 42,350   	 39,291   
04/04/2005	 0,915   	 0,386   	 0,874   	 0,453   	 0,538   	 0,378   	 55,92 	 52,93 	0,7783	 43,523   	 41,195   
11/04/2005	 0,923   	 0,393   	 0,878   	 0,456   	 0,533   	 0,381   	 51,21 	 49,14 	0,7709	 39,478   	 37,882   
18/04/2005	 0,933   	 0,402   	 0,886   	 0,464   	 0,549   	 0,387   	 48,58 	 46,52 	0,7682	 37,319   	 35,737   
25/04/2005	 0,943   	 0,410   	 0,886   	 0,464   	 0,538   	 0,378   	 53,10 	 50,17 	0,7692	 40,845   	 38,591   
02/05/2005	 0,943   	 0,410   	 0,880   	 0,459   	 0,524   	 0,366   	 50,89 	 47,79 	0,7773	 39,557   	 37,147   
09/05/2005	 0,935   	 0,403   	 0,870   	 0,450   	 0,487   	 0,335   	 49,71 	 47,82 	0,7772	 38,635   	 37,166   
16/05/2005	 0,929   	 0,398   	 0,859   	 0,441   	 0,510   	 0,355   	 46,42 	 45,47 	0,7914	 36,737   	 35,985   
23/05/2005	 0,930   	 0,399   	 0,859   	 0,441   	 0,506   	 0,351   	 47,28 	 45,50 	0,795	 37,588   	 36,173   
30/05/2005	 0,927   	 0,396   	 0,860   	 0,442   	 0,498   	 0,344   	 49,33 	 47,62 	0,8018	 39,553   	 38,182   
06/06/2005	 0,931   	 0,399   	 0,869   	 0,449   	 0,512   	 0,356   	 52,61 	 51,18 	0,8156	 42,909   	 41,742   
13/06/2005	 0,946   	 0,413   	 0,889   	 0,466   	 0,511   	 0,367   	 52,00 	 50,83 	0,8257	 42,936   	 41,970   
20/06/2005	 0,965   	 0,429   	 0,909   	 0,484   	 0,565   	 0,401   	 57,10 	 52,78 	0,8233	 47,010   	 43,454   
27/06/2005	 0,982   	 0,443   	 0,916   	 0,490   	 0,579   	 0,414   	 58,50 	 54,26 	0,822	 48,087   	 44,602   
04/07/2005	 0,981   	 0,443   	 0,923   	 0,496   	 0,581   	 0,416   	 57,13 	 53,41 	0,8403	 48,006   	 44,880   
11/07/2005	 0,996   	 0,456   	 0,936   	 0,507   	 0,567   	 0,418   	 56,10 	 53,31 	0,8282	 46,462   	 44,151   
18/07/2005	 1,000   	 0,459   	 0,935   	 0,506   	 0,600   	 0,432   	 56,25 	 52,38 	0,8296	 46,665   	 43,454   
25/07/2005	 0,999   	 0,459   	 0,931   	 0,503   	 0,596   	 0,428   	 57,51 	 52,07 	0,8291	 47,682   	 43,171   
01/08/2005	 1,009   	 0,467   	 0,930   	 0,501   	 0,585   	 0,419   	 60,56 	 55,12 	0,8212	 49,732   	 45,265   
08/08/2005	 1,016   	 0,473   	 0,929   	 0,501   	 0,548   	 0,417   	 62,56 	 56,57 	0,8097	 50,655   	 45,805   
15/08/2005	 1,016   	 0,473   	 0,929   	 0,501   	 0,548   	 0,417   	 66,68 	 59,05 	0,8084	 53,904   	 47,736   
22/08/2005	 1,034   	 0,489   	 0,951   	 0,519   	 0,605   	 0,437   	 65,87 	 58,10 	0,8182	 53,895   	 47,537   
29/08/2005	 1,045   	 0,498   	 0,962   	 0,529   	 0,623   	 0,451   	 64,77 	 60,33 	0,8175	 52,949   	 49,320   
05/09/2005	 1,099   	 0,545   	 0,981   	 0,546   	 0,629   	 0,457   	 64,16 	 59,22 	0,7974	 51,161   	 47,222   
12/09/2005	 1,093   	 0,539   	 0,975   	 0,541   	 0,613   	 0,462   	 60,69 	 56,73 	0,8143	 49,420   	 46,195   
19/09/2005	 1,073   	 0,522   	 0,974   	 0,539   	 0,640   	 0,467   	 64,04 	 57,56 	0,8237	 52,750   	 47,412   
26/09/2005	 1,074   	 0,523   	 0,974   	 0,540   	 0,629   	 0,458   	 61,73 	 56,91 	0,8279	 51,106   	 47,116   
03/10/2005	 1,064   	 0,515   	 0,974   	 0,539   	 0,649   	 0,474   	 61,64 	 58,11 	0,8386	 51,691   	 48,731   
10/10/2005	 1,064   	 0,515   	 0,974   	 0,540   	 0,649   	 0,474   	 57,01 	 53,97 	0,8285	 47,233   	 44,714   
17/10/2005	 1,051   	 0,503   	 0,974   	 0,540   	 0,657   	 0,482   	 59,81 	 55,24 	0,8317	 49,744   	 45,943   
24/10/2005	 1,034   	 0,488   	 0,974   	 0,539   	 0,645   	 0,471   	 57,64 	 52,63 	0,8344	 48,095   	 43,914   
07/11/2005	 1,005   	 0,464   	 0,962   	 0,529   	 0,628   	 0,456   	 58,19 	 52,86 	0,8468	 49,275   	 44,762   
14/11/2005	 0,992   	 0,453   	 0,946   	 0,515   	 0,602   	 0,442   	 54,10 	 50,43 	0,8553	 46,272   	 43,133   
21/11/2005	 0,981   	 0,443   	 0,929   	 0,500   	 0,594   	 0,428   	 53,36 	 50,15 	0,8525	 45,489   	 42,753   
28/11/2005	 0,960   	 0,425   	 0,908   	 0,482   	 0,576   	 0,411   	 52,91 	 50,04 	0,844	 44,656   	 42,234   
05/12/2005	 0,958   	 0,423   	 0,897   	 0,474   	 0,574   	 0,408   	 56,05 	 52,72 	0,8487	 47,570   	 44,743   
12/12/2005	 0,977   	 0,440   	 0,917   	 0,491   	 0,565   	 0,401   	 57,23 	 53,50 	0,8365	 47,873   	 44,753   
19/12/2005	 0,980   	 0,442   	 0,918   	 0,491   	 0,575   	 0,409   	 56,09 	 51,62 	0,833	 46,723   	 42,999   
09/01/2006	 0,992   	 0,448   	 0,926   	 0,495   	 0,582   	 0,417   	 62,51 	 57,29 	0,8273	 51,715   	 47,396   
16/01/2006	 1,001   	 0,455   	 0,930   	 0,498   	 0,585   	 0,420   	 62,34 	 57,76 	0,8251	 51,437   	 47,658   
23/01/2006	 1,005   	 0,459   	 0,936   	 0,504   	 0,602   	 0,434   	 64,56 	 60,90 	0,8123	 52,442   	 49,469   
30/01/2006	 1,006   	 0,460   	 0,944   	 0,511   	 0,607   	 0,438   	 65,14 	 60,42 	0,8272	 53,884   	 49,979   
06/02/2006	 1,008   	 0,462   	 0,944   	 0,511   	 0,610   	 0,442   	 63,32 	 59,34 	0,8357	 52,917   	 49,590   
13/02/2006	 1,003   	 0,458   	 0,943   	 0,510   	 0,611   	 0,441   	 59,16 	 55,85 	0,84	 49,694   	 46,914   
20/02/2006	 0,983   	 0,440   	 0,940   	 0,507   	 0,604   	 0,435   	 60,05 	 55,78 	0,8377	 50,304   	 46,727   
27/02/2006	 1,001   	 0,455   	 0,946   	 0,512   	 0,593   	 0,426   	 59,44 	 56,38 	0,844	 50,167   	 47,585   
06/03/2006	 0,998   	 0,453   	 0,945   	 0,511   	 0,604   	 0,436   	 61,41 	 58,64 	0,8321	 51,099   	 48,794   
13/03/2006	 1,003   	 0,457   	 0,951   	 0,517   	 0,610   	 0,442   	 60,99 	 56,41 	0,8362	 51,000   	 47,170   
20/03/2006	 1,017   	 0,470   	 0,955   	 0,520   	 0,611   	 0,441   	 62,30 	 57,32 	0,8218	 51,198   	 47,106   
27/03/2006	 1,022   	 0,474   	 0,956   	 0,520   	 0,606   	 0,437   	 62,59 	 58,02 	0,8325	 52,106   	 48,302   
03/04/2006	 1,037   	 0,487   	 0,962   	 0,526   	 0,612   	 0,442   	 67,28 	 61,82 	0,8239	 55,432   	 50,933   
10/04/2006	 1,051   	 0,499   	 0,969   	 0,532   	 0,617   	 0,446   	 68,20 	 62,61 	0,8255	 56,299   	 51,685   
24/04/2006	 1,084   	 0,527   	 0,993   	 0,553   	 0,634   	 0,461   	 73,96 	 67,37 	0,8069	 59,678   	 54,361   
01/05/2006	 1,094   	 0,536   	 1,000   	 0,559   	 0,645   	 0,471   	 73,37 	 66,20 	0,7944	 58,285   	 52,589   
08/05/2006	 1,098   	 0,539   	 1,002   	 0,560   	 0,659   	 0,483   	 68,26 	 64,51 	0,787	 53,721   	 50,769   
15/05/2006	 1,098   	 0,540   	 1,002   	 0,560   	 0,655   	 0,480   	 68,69 	 64,67 	0,7814	 53,674   	 50,533   
22/05/2006	 1,087   	 0,530   	 0,987   	 0,547   	 0,653   	 0,479   	 66,52 	 62,51 	0,7767	 51,666   	 48,552   
29/05/2006	 1,090   	 0,532   	 0,986   	 0,546   	 0,644   	 0,470   	 69,16 	 65,12 	0,7839	 54,215   	 51,048   
05/06/2006	 1,084   	 0,527   	 0,976   	 0,538   	 0,636   	 0,464   	 69,13 	 66,48 	0,7749	 53,569   	 51,515   
12/06/2006	 1,090   	 0,532   	 0,981   	 0,542   	 0,645   	 0,470   	 68,62 	 65,41 	0,7948	 54,539   	 51,988   
19/06/2006	 1,094   	 0,536   	 0,987   	 0,547   	 0,648   	 0,473   	 66,40 	 62,64 	0,795	 52,788   	 49,799   
26/06/2006	 1,086   	 0,528   	 0,981   	 0,542   	 0,646   	 0,472   	 69,85 	 64,59 	0,7946	 55,503   	 51,323   
03/07/2006	 1,101   	 0,542   	 0,985   	 0,546   	 0,642   	 0,468   	 73,94 	 68,28 	0,7813	 57,769   	 53,347   
10/07/2006	 1,110   	 0,550   	 0,995   	 0,554   	 0,653   	 0,478   	 72,39 	 67,90 	0,785	 56,826   	 53,302   
17/07/2006	 1,131   	 0,567   	 1,004   	 0,562   	 0,656   	 0,481   	 75,12 	 71,40 	0,7987	 59,998   	 57,027   
24/07/2006	 1,135   	 0,571   	 1,005   	 0,563   	 0,650   	 0,475   	 72,09 	 67,99 	0,7914	 57,052   	 53,807   
31/07/2006	 1,138   	 0,574   	 1,002   	 0,561   	 0,650   	 0,475   	 74,75 	 68,42 	0,7834	 58,559   	 53,600   
07/08/2006	 1,137   	 0,572   	 1,006   	 0,564   	 0,643   	 0,469   	 77,82 	 72,12 	0,7792	 60,637   	 56,196   
14/08/2006	 1,128   	 0,565   	 1,010   	 0,567   	 0,653   	 0,478   	 73,78 	 69,54 	0,7863	 58,013   	 54,679   
21/08/2006	 1,106   	 0,546   	 1,000   	 0,559   	 0,661   	 0,484   	 72,42 	 67,92 	0,7756	 56,169   	 52,679   
28/08/2006	 1,078   	 0,522   	 0,997   	 0,556   	 0,659   	 0,483   	 69,44 	 66,03 	0,7829	 54,365   	 51,695   
04/09/2006	 1,061   	 0,508   	 0,991   	 0,551   	 0,643   	 0,468   	 68,62 	 64,13 	0,7769	 53,311   	 49,823   
11/09/2006	 1,026   	 0,477   	 0,977   	 0,539   	 0,643   	 0,468   	 62,41 	 60,70 	0,7873	 49,135   	 47,789   
18/09/2006	 1,007   	 0,460   	 0,953   	 0,518   	 0,621   	 0,450   	 61,47 	 58,67 	0,7873	 48,395   	 46,191   
25/09/2006	 0,993   	 0,449   	 0,938   	 0,505   	 0,595   	 0,427   	 57,89 	 54,92 	0,7844	 45,409   	 43,079   
02/10/2006	 0,976   	 0,434   	 0,925   	 0,494   	 0,591   	 0,423   	 58,80 	 57,19 	0,7849	 46,152   	 44,888   
09/10/2006	 0,969   	 0,428   	 0,922   	 0,492   	 0,582   	 0,416   	 59,25 	 55,70 	0,7938	 47,033   	 44,215   
16/10/2006	 0,967   	 0,426   	 0,921   	 0,491   	 0,583   	 0,418   	 58,22 	 55,34 	0,7981	 46,465   	 44,167   
23/10/2006	 0,961   	 0,421   	 0,921   	 0,491   	 0,593   	 0,425   	 56,56 	 53,44 	0,7968	 45,067   	 42,581   
30/10/2006	 0,960   	 0,420   	 0,918   	 0,488   	 0,598   	 0,429   	 57,08 	 54,87 	0,7853	 44,825   	 43,089   
06/11/2006	 0,951   	 0,412   	 0,906   	 0,478   	 0,592   	 0,424   	 57,02 	 54,91 	0,786	 44,818   	 43,159   
13/11/2006	 0,956   	 0,416   	 0,909   	 0,480   	 0,580   	 0,414   	 56,88 	 55,42 	0,781	 44,423   	 43,283   
20/11/2006	 0,956   	 0,417   	 0,907   	 0,478   	 0,579   	 0,413   	 57,38 	 54,03 	0,7804	 44,779   	 42,165   
27/11/2006	 0,957   	 0,418   	 0,906   	 0,478   	 0,579   	 0,413   	 60,52 	 55,76 	0,7614	 46,080   	 42,456   
04/12/2006	 0,959   	 0,419   	 0,909   	 0,480   	 0,579   	 0,413   	 63,97 	 59,70 	0,7506	 48,016   	 44,811   
11/12/2006	 0,964   	 0,424   	 0,912   	 0,482   	 0,582   	 0,415   	 62,59 	 57,74 	0,7554	 47,280   	 43,617   
18/12/2006	 0,965   	 0,425   	 0,909   	 0,481   	 0,579   	 0,414   	 62,81 	 58,40 	0,7633	 47,943   	 44,577   
08/01/2007	 0,960   	 0,420   	 0,901   	 0,465   	 0,565   	 0,401   	 52,82 	 51,88 	0,768	 40,566   	 39,844   
15/01/2007	 0,950   	 0,411   	 0,891   	 0,457   	 0,552   	 0,390   	 51,28 	 49,36 	0,7731	 39,645   	 38,160   
22/01/2007	 0,940   	 0,403   	 0,885   	 0,451   	 0,541   	 0,381   	 54,34 	 49,72 	0,7722	 41,961   	 38,394   
29/01/2007	 0,942   	 0,404   	 0,885   	 0,451   	 0,532   	 0,373   	 54,71 	 51,28 	0,772	 42,236   	 39,588   
05/02/2007	 0,947   	 0,409   	 0,889   	 0,455   	 0,535   	 0,376   	 58,67 	 54,66 	0,7733	 45,370   	 42,269   
12/02/2007	 0,957   	 0,417   	 0,899   	 0,464   	 0,545   	 0,384   	 55,52 	 53,99 	0,7713	 42,823   	 41,642   
19/02/2007	 0,957   	 0,417   	 0,899   	 0,464   	 0,553   	 0,391   	 55,91 	 53,87 	0,7602	 42,503   	 40,952   
26/02/2007	 0,969   	 0,428   	 0,906   	 0,470   	 0,556   	 0,394   	 60,34 	 57,07 	0,7585	 45,768   	 43,288   
05/03/2007	 0,998   	 0,453   	 0,915   	 0,478   	 0,555   	 0,393   	 59,78 	 57,32 	0,7636	 45,648   	 43,770   
12/03/2007	 1,009   	 0,462   	 0,923   	 0,484   	 0,566   	 0,403   	 60,59 	 57,37 	0,7583	 45,945   	 43,504   
19/03/2007	 1,001   	 0,456   	 0,918   	 0,480   	 0,572   	 0,408   	 60,49 	 56,74 	0,752	 45,488   	 42,668   
26/03/2007	 1,002   	 0,456   	 0,917   	 0,479   	 0,567   	 0,404   	 64,43 	 60,16 	0,75	 48,323   	 45,120   
02/04/2007	 1,024   	 0,475   	 0,936   	 0,495   	 0,565   	 0,402   	 68,94 	 64,06 	0,748	 51,567   	 47,917   
16/04/2007	 1,046   	 0,495   	 0,951   	 0,509   	 0,596   	 0,429   	 67,10 	 64,05 	0,7389	 49,580   	 47,327   
23/04/2007	 1,046   	 0,494   	 0,945   	 0,504   	 0,594   	 0,427   	 66,80 	 63,10 	0,7366	 49,205   	 46,479   
30/04/2007	 1,064   	 0,509   	 0,947   	 0,505   	 0,594   	 0,427   	 67,23 	 64,26 	0,7329	 49,273   	 47,096   
07/05/2007	 1,075   	 0,520   	 0,951   	 0,508   	 0,595   	 0,428   	 62,70 	 61,93 	0,7354	 46,110   	 45,543   
14/05/2007	 1,081   	 0,525   	 0,955   	 0,512   	 0,598   	 0,430   	 65,86 	 63,79 	0,7384	 48,631   	 47,103   
21/05/2007	 1,092   	 0,534   	 0,959   	 0,515   	 0,593   	 0,426   	 69,51 	 66,24 	0,7425	 51,611   	 49,183   
28/05/2007	 1,097   	 0,538   	 0,964   	 0,520   	 0,599   	 0,431   	 69,31 	 66,20 	0,7433	 51,518   	 49,206   
04/06/2007	 1,091   	 0,534   	 0,955   	 0,512   	 0,601   	 0,434   	 70,90 	 65,81 	0,741	 52,537   	 48,765   
11/06/2007	 1,087   	 0,530   	 0,964   	 0,520   	 0,606   	 0,438   	 68,85 	 65,14 	0,7486	 51,541   	 48,764   
18/06/2007	 1,093   	 0,534   	 0,971   	 0,525   	 0,607   	 0,438   	 72,33 	 68,02 	0,7455	 53,922   	 50,709   
25/06/2007	 1,098   	 0,539   	 0,976   	 0,530   	 0,612   	 0,442   	 71,36 	 67,38 	0,7431	 53,028   	 50,070   
02/07/2007	 1,099   	 0,539   	 0,977   	 0,531   	 0,617   	 0,447   	 72,90 	 68,73 	0,7339	 53,501   	 50,441   
09/07/2007	 1,091   	 0,533   	 0,973   	 0,528   	 0,617   	 0,447   	 77,10 	 71,55 	0,7337	 56,568   	 52,496   
16/07/2007	 1,093   	 0,535   	 0,980   	 0,534   	 0,621   	 0,450   	 78,17 	 72,97 	0,7261	 56,759   	 52,984   
23/07/2007	 1,083   	 0,526   	 0,982   	 0,535   	 0,628   	 0,456   	 78,36 	 73,13 	0,724	 56,733   	 52,946   
30/07/2007	 1,071   	 0,516   	 0,978   	 0,532   	 0,624   	 0,453   	 76,07 	 72,35 	0,7304	 55,562   	 52,844   
06/08/2007	 1,068   	 0,513   	 0,981   	 0,535   	 0,626   	 0,455   	 72,69 	 70,30 	0,7254	 52,729   	 50,996   
13/08/2007	 1,055   	 0,503   	 0,963   	 0,520   	 0,644   	 0,471   	 71,30 	 68,36 	0,7349	 52,398   	 50,238   
20/08/2007	 1,056   	 0,503   	 0,974   	 0,528   	 0,619   	 0,448   	 68,37 	 67,69 	0,7421	 50,737   	 50,233   
27/08/2007	 1,052   	 0,500   	 0,970   	 0,526   	 0,617   	 0,446   	 68,85 	 67,76 	0,7329	 50,460   	 49,661   
03/09/2007	 1,056   	 0,503   	 0,973   	 0,528   	 0,617   	 0,447   	 74,22 	 70,42 	0,7342	 54,492   	 51,702   
10/09/2007	 1,063   	 0,509   	 0,984   	 0,537   	 0,620   	 0,448   	 74,97 	 72,27 	0,7247	 54,331   	 52,374   
17/09/2007	 1,064   	 0,510   	 0,996   	 0,547   	 0,630   	 0,457   	 77,99 	 74,06 	0,7211	 56,239   	 53,405   
24/09/2007	 1,067   	 0,512   	 1,003   	 0,553   	 0,646   	 0,470   	 77,87 	 76,48 	0,7098	 55,272   	 54,286   
01/10/2007	 1,067   	 0,512   	 1,004   	 0,554   	 0,658   	 0,481   	 78,33 	 75,97 	0,7027	 55,042   	 53,384   
08/10/2007	 1,055   	 0,502   	 0,995   	 0,546   	 0,655   	 0,478   	 76,94 	 75,37 	0,7114	 54,735   	 53,618   
15/10/2007	 1,056   	 0,503   	 0,995   	 0,547   	 0,657   	 0,479   	 82,50 	 78,76 	0,7038	 58,064   	 55,431   
22/10/2007	 1,065   	 0,511   	 1,008   	 0,558   	 0,670   	 0,491   	 82,72 	 80,15 	0,7053	 58,342   	 56,530   
29/10/2007	 1,075   	 0,520   	 1,021   	 0,569   	 0,685   	 0,505   	 89,87 	 85,94 	0,6933	 62,307   	 59,582   
05/11/2007	 1,084   	 0,527   	 1,030   	 0,577   	 0,707   	 0,523   	 92,16 	 88,00 	0,6913	 63,710   	 60,834   
12/11/2007	 1,092   	 0,534   	 1,048   	 0,592   	 0,728   	 0,541   	 91,56 	 88,65 	0,6879	 62,984   	 60,982   
19/11/2007	 1,092   	 0,534   	 1,052   	 0,595   	 0,738   	 0,549   	 91,59 	 88,57 	0,682	 62,464   	 60,405   
26/11/2007	 1,105   	 0,545   	 1,072   	 0,613   	 0,752   	 0,561   	 94,88 	 91,68 	0,6721	 63,769   	 61,618   
03/12/2007	 1,110   	 0,549   	 1,082   	 0,621   	 0,748   	 0,558   	 87,85 	 84,13 	0,6818	 59,896   	 57,360   
10/12/2007	 1,096   	 0,537   	 1,070   	 0,611   	 0,739   	 0,550   	 87,33 	 84,02 	0,6796	 59,349   	 57,100   
17/12/2007	 1,096   	 0,537   	 1,065   	 0,606   	 0,733   	 0,545   	 90,32 	 87,13 	0,6944	 62,718   	 60,503   
07/01/2008	 1,115   	 0,553   	 1,083   	 0,622   	 0,751   	 0,561   	 94,19 	 91,72 	0,6807	 64,115   	 62,434   
14/01/2008	 1,113   	 0,552   	 1,068   	 0,610   	 0,745   	 0,556   	 92,58 	 88,51 	0,6726	 62,269   	 59,532   
21/01/2008	 1,098   	 0,539   	 1,052   	 0,596   	 0,734   	 0,546   	 88,11 	 85,06 	0,6923	 60,999   	 58,887   
28/01/2008	 1,095   	 0,536   	 1,050   	 0,593   	 0,725   	 0,538   	 90,91 	 87,01 	0,6763	 61,482   	 58,845   
04/02/2008	 1,093   	 0,535   	 1,051   	 0,595   	 0,727   	 0,540   	 91,09 	 86,51 	0,6744	 61,431   	 58,342   
11/02/2008	 1,099   	 0,540   	 1,063   	 0,605   	 0,728   	 0,541   	 93,93 	 89,01 	0,6885	 64,671   	 61,283   
18/02/2008	 1,113   	 0,552   	 1,083   	 0,622   	 0,753   	 0,562   	 97,03 	 91,21 	0,6822	 66,194   	 62,223   
25/02/2008	 1,129   	 0,565   	 1,104   	 0,640   	 0,773   	 0,579   	 97,43 	 93,49 	0,6744	 65,707   	 63,050   
03/03/2008	 1,127   	 0,564   	 1,108   	 0,643   	 0,785   	 0,589   	 101,83 	 97,12 	0,6575	 66,953   	 63,856   
10/03/2008	 1,121   	 0,559   	 1,136   	 0,668   	 0,798   	 0,601   	 105,33 	 99,48 	0,6519	 68,665   	 64,851   
17/03/2008	 1,130   	 0,567   	 1,150   	 0,680   	 0,810   	 0,612   	 104,41 	 101,41 	0,6358	 66,384   	 64,476   
31/03/2008	 1,126   	 0,563   	 1,128   	 0,661   	 0,799   	 0,602   	 102,33 	 98,63 	0,6341	 64,887   	 62,541   
07/04/2008	 1,124   	 0,561   	 1,127   	 0,660   	 0,795   	 0,599   	 105,98 	 101,16 	0,6364	 67,446   	 64,378   
14/04/2008	 1,131   	 0,567   	 1,150   	 0,680   	 0,811   	 0,613   	 108,32 	 104,02 	0,6311	 68,361   	 65,647   
21/04/2008	 1,144   	 0,579   	 1,169   	 0,697   	 0,830   	 0,629   	 111,35 	 108,93 	0,6284	 69,972   	 68,452   
28/04/2008	 1,166   	 0,598   	 1,191   	 0,715   	 0,848   	 0,644   	 115,70 	 111,66 	0,6386	 73,886   	 71,306   
05/05/2008	 1,174   	 0,605   	 1,199   	 0,722   	 0,857   	 0,652   	 115,68 	 111,55 	0,6452	 74,637   	 71,972   
12/05/2008	 1,186   	 0,615   	 1,219   	 0,739   	 0,902   	 0,692   	 122,89 	 119,65 	0,6431	 79,031   	 76,947   
19/05/2008	 1,205   	 0,631   	 1,270   	 0,783   	 0,932   	 0,717   	 122,19 	 119,24 	0,6445	 78,751   	 76,850   
26/05/2008	 1,228   	 0,652   	 1,309   	 0,817   	 0,959   	 0,740   	 128,92 	 126,57 	0,6341	 81,748   	 80,258   
02/06/2008	 1,234   	 0,656   	 1,300   	 0,810   	 0,966   	 0,746   	 128,50 	 122,09 	0,6433	 82,664   	 78,540   
09/06/2008	 1,237   	 0,659   	 1,289   	 0,800   	 0,965   	 0,746   	 134,43 	 130,86 	0,6391	 85,914   	 83,633   
16/06/2008	 1,252   	 0,672   	 1,297   	 0,807   	 0,983   	 0,761   	 133,90 	 129,77 	0,6464	 86,553   	 83,883   
23/06/2008	 1,256   	 0,675   	 1,299   	 0,809   	 0,979   	 0,758   	 134,54 	 130,70 	0,6441	 86,657   	 84,184   
30/06/2008	 1,261   	 0,679   	 1,305   	 0,814   	 0,978   	 0,756   	 138,40 	 136,03 	0,6347	 87,842   	 86,338   
07/07/2008	 1,271   	 0,688   	 1,323   	 0,830   	 0,990   	 0,766   	 139,62 	 138,44 	0,6361	 88,812   	 88,062   
14/07/2008	 1,277   	 0,693   	 1,329   	 0,834   	 0,996   	 0,772   	 142,43 	 139,81 	0,6287	 89,546   	 87,899   
21/07/2008	 1,264   	 0,682   	 1,319   	 0,825   	 1,001   	 0,777   	 129,34 	 127,72 	0,6278	 81,200   	 80,183   
28/07/2008	 1,234   	 0,656   	 1,289   	 0,800   	 0,956   	 0,738   	 125,67 	 123,19 	0,6351	 79,813   	 78,238   
04/08/2008	 1,212   	 0,638   	 1,263   	 0,777   	 0,926   	 0,712   	 121,87 	 120,80 	0,6419	 78,228   	 77,542   
11/08/2008	 1,197   	 0,624   	 1,217   	 0,738   	 0,898   	 0,688   	 110,54 	 111,27 	0,6714	 74,217   	 74,707   
18/08/2008	 1,192   	 0,620   	 1,205   	 0,727   	 0,880   	 0,673   	 109,33 	 108,68 	0,6804	 74,388   	 73,946   
25/08/2008	 1,189   	 0,618   	 1,195   	 0,719   	 0,861   	 0,656   	 109,74 	 110,61 	0,6779	 74,393   	 74,983   
01/09/2008	 1,194   	 0,622   	 1,201   	 0,724   	 0,881   	 0,673   	 104,94 	 110,01 	0,6846	 71,842   	 75,313   
08/09/2008	 1,186   	 0,615   	 1,193   	 0,717   	 0,874   	 0,667   	 101,08 	 101,08 	0,7078	 71,544   	 71,544   
15/09/2008	 1,183   	 0,612   	 1,185   	 0,710   	 0,866   	 0,659   	 90,45 	 91,26 	0,7017	 63,469   	 64,037   
22/09/2008	 1,162   	 0,594   	 1,163   	 0,691   	 0,844   	 0,642   	 100,43 	 97,95 	0,6761	 67,901   	 66,224   
29/09/2008	 1,144   	 0,579   	 1,151   	 0,681   	 0,839   	 0,636   	 95,96 	 94,09 	0,6937	 66,567   	 65,270   
06/10/2008	 1,140   	 0,576   	 1,155   	 0,685   	 0,844   	 0,641   	 84,71 	 81,56 	0,7414	 62,804   	 60,469   
13/10/2008	 1,111   	 0,551   	 1,127   	 0,660   	 0,811   	 0,612   	 74,37 	 71,96 	0,7355	 54,699   	 52,927   
20/10/2008	 1,058   	 0,504   	 1,070   	 0,611   	 0,756   	 0,565   	 67,45 	 64,63 	0,7488	 50,507   	 48,395   
27/10/2008	 1,023   	 0,474   	 1,054   	 0,597   	 0,721   	 0,534   	 59,34 	 56,80 	0,801	 47,531   	 45,497   
03/11/2008	 0,991   	 0,446   	 1,017   	 0,565   	 0,703   	 0,520   	 60,32 	 59,03 	0,7906	 47,689   	 46,669   
10/11/2008	 0,967   	 0,426   	 1,010   	 0,559   	 0,702   	 0,519   	 57,08 	 54,77 	0,7855	 44,836   	 43,022   
17/11/2008	 0,944   	 0,406   	 0,998   	 0,549   	 0,682   	 0,501   	 50,82 	 47,96 	0,7907	 40,183   	 37,922   
24/11/2008	 0,909   	 0,376   	 0,969   	 0,524   	 0,648   	 0,472   	 49,51 	 44,48 	0,7744	 38,341   	 34,445   
01/12/2008	 0,902   	 0,370   	 0,949   	 0,507   	 0,625   	 0,452   	 47,58 	 45,26 	0,7921	 37,688   	 35,850   
08/12/2008	 0,889   	 0,359   	 0,921   	 0,482   	 0,612   	 0,441   	 40,02 	 37,73 	0,773	 30,935   	 29,165   
15/12/2008	 0,861   	 0,335   	 0,889   	 0,455   	 0,565   	 0,400   	 45,02 	 42,53 	0,7292	 32,829   	 31,013   
05/01/2009	 0,825   	 0,304   	 0,836   	 0,410   	 0,519   	 0,360   	 45,84 	 43,98 	0,735	 33,692   	 32,325   
12/01/2009	 0,868   	 0,341   	 0,878   	 0,445   	 0,547   	 0,385   	 40,86 	 40,15 	0,7478	 30,555   	 30,024   
19/01/2009	 0,881   	 0,352   	 0,882   	 0,449   	 0,556   	 0,392   	 41,22 	 40,33 	0,7628	 31,443   	 30,764   
26/01/2009	 0,891   	 0,360   	 0,873   	 0,442   	 0,542   	 0,380   	 48,00 	 42,54 	0,7595	 36,456   	 32,309   
02/02/2009	 0,902   	 0,370   	 0,874   	 0,442   	 0,536   	 0,376   	 42,96 	 42,58 	0,7781	 33,427   	 33,131   
09/02/2009	 0,914   	 0,380   	 0,874   	 0,442   	 0,535   	 0,375   	 47,23 	 43,90 	0,7686	 36,301   	 33,742   
16/02/2009	 0,922   	 0,387   	 0,867   	 0,436   	 0,529   	 0,370   	 39,69 	 41,48 	0,7824	 31,053   	 32,454   
23/02/2009	 0,901   	 0,369   	 0,847   	 0,419   	 0,508   	 0,351   	 41,27 	 39,47 	0,7869	 32,475   	 31,059   
02/03/2009	 0,895   	 0,364   	 0,845   	 0,417   	 0,494   	 0,340   	 42,60 	 42,61 	0,7946	 33,850   	 33,858   
09/03/2009	 0,918   	 0,384   	 0,840   	 0,413   	 0,486   	 0,332   	 44,55 	 44,04 	0,793	 35,328   	 34,924   
16/03/2009	 0,907   	 0,374   	 0,831   	 0,405   	 0,482   	 0,329   	 44,12 	 43,05 	0,7706	 33,999   	 33,174   
23/03/2009	 0,911   	 0,378   	 0,837   	 0,410   	 0,486   	 0,333   	 51,84 	 50,18 	0,7336	 38,030   	 36,812   
30/03/2009	 0,939   	 0,402   	 0,857   	 0,427   	 0,503   	 0,348   	 49,05 	 47,72 	0,7576	 37,160   	 36,153   
06/04/2009	 0,942   	 0,405   	 0,861   	 0,431   	 0,515   	 0,358   	 50,91 	 51,90 	0,7459	 37,974   	 38,712   
20/04/2009	 0,953   	 0,414   	 0,869   	 0,438   	 0,527   	 0,368   	 49,06 	 49,59 	0,7742	 37,982   	 38,393   
27/04/2009	 0,956   	 0,417   	 0,867   	 0,436   	 0,520   	 0,362   	 48,67 	 49,21 	0,7684	 37,398   	 37,813   
04/05/2009	 0,951   	 0,412   	 0,860   	 0,430   	 0,516   	 0,359   	 53,26 	 52,11 	0,746	 39,732   	 38,874   
11/05/2009	 0,970   	 0,429   	 0,868   	 0,437   	 0,513   	 0,356   	 55,99 	 56,11 	0,7366	 41,242   	 41,331   
18/05/2009	 0,983   	 0,440   	 0,877   	 0,445   	 0,530   	 0,371   	 56,51 	 55,86 	0,7374	 41,670   	 41,191   
25/05/2009	 1,006   	 0,460   	 0,875   	 0,443   	 0,525   	 0,367   	 59,05 	 58,55 	0,7137	 42,144   	 41,787   
01/06/2009	 1,004   	 0,458   	 0,872   	 0,441   	 0,528   	 0,370   	 66,60 	 66,08 	0,7063	 47,040   	 46,672   
08/06/2009	 1,025   	 0,476   	 0,904   	 0,468   	 0,544   	 0,383   	 67,61 	 66,75 	0,7197	 48,659   	 48,040   
15/06/2009	 1,075   	 0,491   	 0,952   	 0,480   	 0,570   	 0,406   	 68,49 	 68,98 	0,7251	 49,662   	 50,017   
22/06/2009	 1,101   	 0,513   	 0,961   	 0,488   	 0,586   	 0,420   	 66,13 	 67,13 	0,7214	 47,706   	 48,428   
29/06/2009	 1,084   	 0,498   	 0,954   	 0,482   	 0,584   	 0,418   	 69,75 	 69,16 	0,7104	 49,550   	 49,131   
06/07/2009	 1,067   	 0,483   	 0,944   	 0,474   	 0,579   	 0,414   	 63,12 	 63,66 	0,7156	 45,169   	 45,555   
13/07/2009	 1,049   	 0,468   	 0,920   	 0,453   	 0,559   	 0,396   	 58,25 	 59,66 	0,7153	 41,666   	 42,675   
20/07/2009	 1,035   	 0,456   	 0,906   	 0,440   	 0,550   	 0,388   	 64,64 	 64,64 	0,7026	 45,416   	 45,416   
27/07/2009	 1,047   	 0,466   	 0,930   	 0,461   	 0,553   	 0,392   	 69,78 	 69,01 	0,7019	 48,979   	 48,438   
03/08/2009	 1,073   	 0,488   	 0,945   	 0,475   	 0,572   	 0,408   	 72,90 	 71,34 	0,6935	 50,556   	 49,474   
10/08/2009	 1,099   	 0,511   	 0,970   	 0,496   	 0,580   	 0,415   	 73,79 	 71,68 	0,7071	 52,177   	 50,685   
17/08/2009	 1,099   	 0,511   	 0,970   	 0,496   	 0,596   	 0,428   	 68,65 	 68,04 	0,7102	 48,755   	 48,322   
24/08/2009	 1,092   	 0,505   	 0,969   	 0,495   	 0,594   	 0,427   	 74,34 	 72,89 	0,6991	 51,971   	 50,957   
31/08/2009	 1,077   	 0,492   	 0,963   	 0,489   	 0,593   	 0,426   	 69,02 	 70,37 	0,6978	 48,162   	 49,104   
07/09/2009	 1,066   	 0,483   	 0,949   	 0,478   	 0,585   	 0,419   	 69,20 	 66,20 	0,6976	 48,274   	 46,181   
14/09/2009	 1,055   	 0,473   	 0,938   	 0,468   	 0,576   	 0,411   	 66,91 	 66,47 	0,6837	 45,746   	 45,446   
21/09/2009	 1,052   	 0,471   	 0,936   	 0,467   	 0,569   	 0,405   	 68,11 	 68,42 	0,6815	 46,417   	 46,628   
28/09/2009	 1,032   	 0,454   	 0,928   	 0,459   	 0,565   	 0,401   	 65,43 	 64,07 	0,6838	 44,741   	 43,811   
05/10/2009	 1,028   	 0,450   	 0,925   	 0,457   	 0,560   	 0,397   	 65,26 	 66,81 	0,6826	 44,546   	 45,605   
12/10/2009	 1,038   	 0,458   	 0,935   	 0,466   	 0,556   	 0,394   	 70,75 	 70,06 	0,6769	 47,891   	 47,424   
19/10/2009	 1,055   	 0,473   	 0,958   	 0,485   	 0,578   	 0,413   	 75,86 	 75,82 	0,6683	 50,697   	 50,671   
26/10/2009	 1,069   	 0,485   	 0,970   	 0,496   	 0,592   	 0,425   	 76,45 	 76,70 	0,6727	 51,428   	 51,596   
02/11/2009	 1,081   	 0,495   	 0,978   	 0,502   	 0,599   	 0,431   	 75,56 	 74,95 	0,6771	 51,162   	 50,749   
09/11/2009	 1,079   	 0,494   	 0,976   	 0,501   	 0,604   	 0,435   	 77,18 	 76,56 	0,667	 51,479   	 51,066   
16/11/2009	 1,071   	 0,487   	 0,967   	 0,493   	 0,600   	 0,431   	 77,14 	 76,48 	0,6678	 51,514   	 51,073   
23/11/2009	 1,073   	 0,488   	 0,969   	 0,495   	 0,600   	 0,432   	 78,14 	 76,72 	0,6683	 52,221   	 51,272   
30/11/2009	 1,066   	 0,482   	 0,962   	 0,489   	 0,595   	 0,427   	 77,77 	 76,21 	0,6663	 51,818   	 50,779   
07/12/2009	 1,070   	 0,486   	 0,965   	 0,492   	 0,594   	 0,426   	 76,18 	 75,76 	0,6748	 51,406   	 51,123   
14/12/2009	 1,061   	 0,478   	 0,958   	 0,485   	 0,596   	 0,428   	 71,19 	 70,64 	0,6825	 48,587   	 48,212   
21/12/2009	 1,053   	 0,471   	 0,956   	 0,484   	 0,595   	 0,427   	 72,74 	 71,88 	0,7	 50,918   	 50,316   
04/01/2010	 1,090   	 0,503   	 0,988   	 0,511   	 0,608   	 0,438   	 79,05 	 78,23 	0,6937	 54,837   	 54,268   
11/01/2010	 1,109   	 0,519   	 1,009   	 0,529   	 0,637   	 0,464   	 80,14 	 80,29 	0,689	 55,216   	 55,320   
18/01/2010	 1,104   	 0,515   	 1,001   	 0,523   	 0,633   	 0,460   	 75,18 	 75,75 	0,6951	 52,258   	 52,654   
25/01/2010	 1,100   	 0,512   	 0,996   	 0,518   	 0,629   	 0,455   	 72,18 	 71,97 	0,7066	 51,002   	 50,854   
01/02/2010	 1,095   	 0,508   	 0,987   	 0,511   	 0,620   	 0,448   	 71,58 	 71,02 	0,7178	 51,380   	 50,978   
08/02/2010	 1,105   	 0,516   	 0,994   	 0,517   	 0,619   	 0,448   	 69,62 	 68,86 	0,7324	 50,990   	 50,433   
15/02/2010	 1,099   	 0,511   	 0,988   	 0,511   	 0,614   	 0,444   	 74,82 	 71,72 	0,7353	 55,015   	 52,736   
22/02/2010	 1,108   	 0,519   	 1,005   	 0,526   	 0,621   	 0,449   	 76,95 	 76,14 	0,7355	 56,597   	 56,001   
01/03/2010	 1,119   	 0,529   	 1,010   	 0,530   	 0,641   	 0,466   	 76,07 	 75,75 	0,7376	 56,109   	 55,873   
08/03/2010	 1,136   	 0,542   	 1,024   	 0,542   	 0,649   	 0,474   	 78,94 	 77,86 	0,7337	 57,918   	 57,126   
15/03/2010	 1,156   	 0,560   	 1,037   	 0,553   	 0,660   	 0,483   	 77,08 	 76,24 	0,7312	 56,361   	 55,747   
22/03/2010	 1,159   	 0,562   	 1,045   	 0,560   	 0,664   	 0,487   	 78,09 	 76,75 	0,7377	 57,607   	 56,618   
29/03/2010	 1,169   	 0,571   	 1,053   	 0,567   	 0,668   	 0,490   	 79,89 	 77,77 	0,7419	 59,270   	 57,698   
12/04/2010	 1,185   	 0,585   	 1,087   	 0,597   	 0,698   	 0,516   	 85,21 	 82,20 	0,736	 62,715   	 60,499   
19/04/2010	 1,178   	 0,579   	 1,078   	 0,589   	 0,700   	 0,517   	 83,09 	 80,89 	0,7416	 61,620   	 59,988   
26/04/2010	 1,176   	 0,577   	 1,081   	 0,592   	 0,702   	 0,519   	 86,72 	 83,91 	0,7466	 64,745   	 62,647   
03/05/2010	 1,190   	 0,589   	 1,100   	 0,608   	 0,712   	 0,527   	 88,09 	 84,36 	0,758	 66,772   	 63,945   
10/05/2010	 1,189   	 0,589   	 1,103   	 0,610   	 0,715   	 0,531   	 78,08 	 78,08 	0,7823	 61,082   	 61,082   
17/05/2010	 1,182   	 0,582   	 1,095   	 0,604   	 0,714   	 0,530   	 73,87 	 73,25 	0,8068	 59,598   	 59,098   
24/05/2010	 1,159   	 0,563   	 1,071   	 0,583   	 0,696   	 0,514   	 69,62 	 68,59 	0,8096	 56,364   	 55,530   
31/05/2010	 1,153   	 0,557   	 1,066   	 0,579   	 0,688   	 0,508   	 73,08 	 71,88 	0,8127	 59,392   	 58,417   
07/06/2010	 1,164   	 0,567   	 1,078   	 0,589   	 0,688   	 0,507   	 71,09 	 69,61 	0,8393	 59,666   	 58,424   
14/06/2010	 1,166   	 0,569   	 1,088   	 0,598   	 0,697   	 0,516   	 75,11 	 73,32 	0,8184	 61,470   	 60,005   
21/06/2010	 1,176   	 0,577   	 1,100   	 0,608   	 0,713   	 0,529   	 78,53 	 75,94 	0,8125	 63,806   	 61,701   
28/06/2010	 1,168   	 0,570   	 1,095   	 0,604   	 0,722   	 0,537   	 76,66 	 74,77 	0,8144	 62,432   	 60,893   
05/07/2010	 1,179   	 0,563   	 1,094   	 0,587   	 0,724   	 0,528   	 73,08 	 69,05 	0,7974	 58,274   	 55,060   
12/07/2010	 1,167   	 0,548   	 1,077   	 0,568   	 0,706   	 0,512   	 74,35 	 72,00 	0,7943	 59,056   	 57,190   
19/07/2010	 1,165   	 0,547   	 1,076   	 0,567   	 0,702   	 0,508   	 76,29 	 72,94 	0,7728	 58,957   	 56,368   
26/07/2010	 1,165   	 0,547   	 1,077   	 0,568   	 0,696   	 0,504   	 77,90 	 74,22 	0,7695	 59,944   	 57,112   
02/08/2010	 1,168   	 0,549   	 1,080   	 0,570   	 0,699   	 0,507   	 81,93 	 77,09 	0,7586	 62,152   	 58,480   
09/08/2010	 1,176   	 0,556   	 1,101   	 0,588   	 0,706   	 0,513   	 81,54 	 78,28 	0,7558	 61,628   	 59,164   
16/08/2010	 1,167   	 0,548   	 1,092   	 0,581   	 0,708   	 0,514   	 74,56 	 72,27 	0,7796	 58,127   	 56,342   
23/08/2010	 1,152   	 0,536   	 1,075   	 0,567   	 0,695   	 0,503   	 73,08 	 70,93 	0,7901	 57,741   	 56,042   
30/08/2010	 1,157   	 0,539   	 1,086   	 0,576   	 0,688   	 0,497   	 76,05 	 73,05 	0,7896	 60,049   	 57,680   
06/09/2010	 1,163   	 0,545   	 1,088   	 0,578   	 0,691   	 0,500   	 75,78 	 73,46 	0,7768	 58,866   	 57,064   
13/09/2010	 1,169   	 0,550   	 1,093   	 0,581   	 0,696   	 0,504   	 78,52 	 75,06 	0,7764	 60,963   	 58,277   
20/09/2010	 1,179   	 0,559   	 1,099   	 0,587   	 0,707   	 0,513   	 79,42 	 75,26 	0,7653	 60,780   	 57,596   
27/09/2010	 1,155   	 0,538   	 1,090   	 0,579   	 0,702   	 0,510   	 77,71 	 75,06 	0,7432	 57,754   	 55,785   
04/10/2010	 1,153   	 0,536   	 1,091   	 0,580   	 0,702   	 0,509   	 83,42 	 79,95 	0,7309	 60,972   	 58,435   
11/10/2010	 1,173   	 0,553   	 1,103   	 0,590   	 0,707   	 0,513   	 83,08 	 80,44 	0,7207	 59,876   	 57,973   
18/10/2010	 1,176   	 0,556   	 1,096   	 0,584   	 0,709   	 0,515   	 82,30 	 79,00 	0,7175	 59,050   	 56,683   
25/10/2010	 1,173   	 0,554   	 1,096   	 0,584   	 0,706   	 0,512   	 81,91 	 80,03 	0,716	 58,648   	 57,301   
08/11/2010	 1,172   	 0,552   	 1,103   	 0,590   	 0,705   	 0,511   	 87,15 	 84,62 	0,7184	 62,609   	 60,791   
15/11/2010	 1,197   	 0,573   	 1,133   	 0,616   	 0,717   	 0,521   	 85,49 	 83,39 	0,736	 62,921   	 61,375   
22/11/2010	 1,191   	 0,568   	 1,117   	 0,602   	 0,720   	 0,524   	 82,34 	 80,96 	0,7339	 60,429   	 59,417   
29/11/2010	 1,208   	 0,583   	 1,129   	 0,612   	 0,727   	 0,530   	 85,90 	 83,45 	0,7622	 65,473   	 63,606   
06/12/2010	 1,230   	 0,602   	 1,147   	 0,628   	 0,740   	 0,542   	 91,25 	 88,13 	0,7517	 68,593   	 66,247   
13/12/2010	 1,242   	 0,612   	 1,165   	 0,643   	 0,753   	 0,552   	 90,40 	 87,96 	0,747	 67,529   	 65,706   
20/12/2010	 1,235   	 0,606   	 1,166   	 0,644   	 0,773   	 0,570   	 91,31 	 88,59 	0,7621	 69,587   	 67,514   
03/01/2011	 1,257   	 0,622   	 1,187   	 0,660   	 0,778   	 0,574   	 95,82 	 89,81 	0,7488	 71,750   	 67,250   
10/01/2011	 1,265   	 0,629   	 1,194   	 0,666   	 0,780   	 0,575   	 95,05 	 91,33 	0,7723	 73,407   	 70,534   
17/01/2011	 1,286   	 0,647   	 1,217   	 0,686   	 0,796   	 0,588   	 97,83 	 93,72 	0,7527	 73,637   	 70,543   
24/01/2011	 1,271   	 0,635   	 1,210   	 0,680   	 0,800   	 0,591   	 96,76 	 93,20 	0,7331	 70,935   	 68,325   
31/01/2011	 1,259   	 0,624   	 1,205   	 0,675   	 0,797   	 0,589   	 98,97 	 95,53 	0,7305	 72,298   	 69,785   
07/02/2011	 1,271   	 0,634   	 1,234   	 0,700   	 0,811   	 0,601   	 99,44 	 96,02 	0,736	 73,188   	 70,671   
14/02/2011	 1,271   	 0,635   	 1,237   	 0,702   	 0,814   	 0,604   	 103,12 	 98,24 	0,7412	 76,433   	 72,815   
21/02/2011	 1,285   	 0,648   	 1,248   	 0,713   	 0,826   	 0,614   	 106,82 	 100,59 	0,7311	 78,096   	 73,541   
28/02/2011	 1,309   	 0,667   	 1,267   	 0,728   	 0,843   	 0,629   	 112,27 	 108,50 	0,7246	 81,351   	 78,619   
07/03/2011	 1,322   	 0,677   	 1,289   	 0,747   	 0,865   	 0,647   	 116,58 	 112,03 	0,7157	 83,436   	 80,180   
14/03/2011	 1,325   	 0,680   	 1,292   	 0,749   	 0,881   	 0,660   	 112,95 	 107,87 	0,7147	 80,725   	 77,095   
21/03/2011	 1,305   	 0,663   	 1,293   	 0,750   	 0,880   	 0,659   	 114,92 	 110,10 	0,7028	 80,766   	 77,378   
28/03/2011	 1,331   	 0,685   	 1,287   	 0,745   	 0,883   	 0,662   	 115,95 	 110,37 	0,7099	 82,313   	 78,352   
04/04/2011	 1,337   	 0,690   	 1,292   	 0,749   	 0,882   	 0,662   	 120,07 	 115,21 	0,7032	 84,433   	 81,016   
11/04/2011	 1,354   	 0,705   	 1,308   	 0,763   	 0,885   	 0,664   	 126,46 	 120,44 	0,6927	 87,599   	 83,429   
18/04/2011	 1,364   	 0,713   	 1,302   	 0,758   	 0,897   	 0,675   	 121,69 	 117,37 	0,7025	 85,487   	 82,452   
02/05/2011	 1,382   	 0,728   	 1,294   	 0,751   	 0,885   	 0,664   	 126,64 	 119,90 	0,6745	 85,419   	 80,873   
09/05/2011	 1,347   	 0,699   	 1,242   	 0,707   	 0,868   	 0,650   	 113,21 	 108,08 	0,6962	 78,817   	 75,245   
16/05/2011	 1,345   	 0,697   	 1,245   	 0,709   	 0,853   	 0,637   	 113,72 	 107,79 	0,7063	 80,320   	 76,132   
23/05/2011	 1,325   	 0,681   	 1,240   	 0,705   	 0,836   	 0,623   	 110,13 	 105,46 	0,7116	 78,369   	 75,045   
30/05/2011	 1,349   	 0,700   	 1,260   	 0,722   	 0,844   	 0,629   	 117,18 	 109,59 	0,7002	 82,049   	 76,735   
06/06/2011	 1,324   	 0,680   	 1,252   	 0,715   	 0,846   	 0,631   	 115,40 	 110,09 	0,686	 79,164   	 75,522   
13/06/2011	 1,319   	 0,675   	 1,264   	 0,725   	 0,845   	 0,630   	 120,49 	 113,33 	0,6936	 83,572   	 78,606   
20/06/2011	 1,323   	 0,679   	 1,272   	 0,732   	 0,855   	 0,640   	 112,21 	 107,41 	0,699	 78,435   	 75,080   
27/06/2011	 1,306   	 0,664   	 1,243   	 0,708   	 0,849   	 0,634   	 104,57 	 101,55 	0,7001	 73,209   	 71,095   
04/07/2011	 1,310   	 0,668   	 1,243   	 0,707   	 0,835   	 0,621   	 113,21 	 106,87 	0,6877	 77,855   	 73,494   
11/07/2011	 1,333   	 0,687   	 1,259   	 0,721   	 0,834   	 0,621   	 117,35 	 111,35 	0,7126	 83,624   	 79,348   
18/07/2011	 1,357   	 0,707   	 1,284   	 0,742   	 0,868   	 0,650   	 117,05 	 112,31 	0,7089	 82,977   	 79,617   
25/07/2011	 1,356   	 0,707   	 1,283   	 0,741   	 0,875   	 0,656   	 118,27 	 113,33 	0,6957	 82,280   	 78,844   
01/08/2011	 1,354   	 0,705   	 1,281   	 0,740   	 0,878   	 0,659   	 116,37 	 113,57 	0,7014	 81,622   	 79,658   
08/08/2011	 1,338   	 0,691   	 1,268   	 0,728   	 0,869   	 0,651   	 103,06 	 102,37 	0,7054	 72,699   	 72,212   
22/08/2011	 1,311   	 0,669   	 1,239   	 0,704   	 0,845   	 0,631   	 108,83 	 103,84 	0,6964	 75,789   	 72,314   
29/08/2011	 1,319   	 0,676   	 1,243   	 0,708   	 0,852   	 0,636   	 115,59 	 108,36 	0,6892	 79,665   	 74,682   
05/09/2011	 1,354   	 0,705   	 1,265   	 0,726   	 0,855   	 0,639   	 113,29 	 108,42 	0,7097	 80,402   	 76,946   
12/09/2011	 1,357   	 0,707   	 1,277   	 0,736   	 0,862   	 0,644   	 114,75 	 107,86 	0,7313	 83,917   	 78,878   
19/09/2011	 1,352   	 0,704   	 1,276   	 0,735   	 0,865   	 0,647   	 112,89 	 108,68 	0,7308	 82,500   	 79,423   
26/09/2011	 1,330   	 0,684   	 1,275   	 0,735   	 0,868   	 0,650   	 107,90 	 101,81 	0,7389	 79,727   	 75,227   
03/10/2011	 1,311   	 0,669   	 1,262   	 0,724   	 0,859   	 0,642   	 103,61 	 99,71 	0,7594	 78,681   	 75,720   
10/10/2011	 1,316   	 0,673   	 1,269   	 0,729   	 0,854   	 0,638   	 109,49 	 104,67 	0,7329	 80,245   	 76,713   
17/10/2011	 1,330   	 0,685   	 1,279   	 0,738   	 0,861   	 0,644   	 112,92 	 110,13 	0,7278	 82,183   	 80,153   
24/10/2011	 1,315   	 0,671   	 1,292   	 0,749   	 0,870   	 0,652   	 111,67 	 109,11 	0,7181	 80,190   	 78,352   
31/10/2011	 1,314   	 0,671   	 1,296   	 0,753   	 0,878   	 0,658   	 108,43 	 107,12 	0,7216	 78,243   	 77,298   
07/11/2011	 1,306   	 0,664   	 1,295   	 0,752   	 0,881   	 0,661   	 114,75 	 111,08 	0,7261	 83,320   	 80,655   
14/11/2011	 1,310   	 0,667   	 1,316   	 0,769   	 0,900   	 0,676   	 112,57 	 112,69 	0,7337	 82,593   	 82,681   
21/11/2011	 1,295   	 0,655   	 1,323   	 0,775   	 0,914   	 0,688   	 105,98 	 107,74 	0,7408	 78,510   	 79,814   
28/11/2011	 1,286   	 0,647   	 1,299   	 0,755   	 0,910   	 0,685   	 109,38 	 108,75 	0,7511	 82,155   	 81,682   
05/12/2011	 1,284   	 0,646   	 1,297   	 0,753   	 0,910   	 0,685   	 110,18 	 110,30 	0,7461	 82,205   	 82,295   
12/12/2011	 1,294   	 0,654   	 1,297   	 0,753   	 0,907   	 0,683   	 107,82 	 107,33 	0,7582	 81,749   	 81,378   
19/12/2011	 1,296   	 0,656   	 1,285   	 0,743   	 0,897   	 0,674   	 104,55 	 102,91 	0,7694	 80,441   	 79,179   
09/01/2012	 1,358   	 0,705   	 1,336   	 0,782   	 0,914   	 0,688   	 111,07 	 112,51 	0,7834	 87,012   	 88,140   
16/01/2012	 1,367   	 0,713   	 1,361   	 0,803   	 0,936   	 0,708   	 110,55 	 111,71 	0,7896	 87,290   	 88,206   
23/01/2012	 1,370   	 0,716   	 1,335   	 0,781   	 0,938   	 0,709   	 109,46 	 111,78 	0,7674	 84,000   	 85,780   
30/01/2012	 1,371   	 0,716   	 1,322   	 0,770   	 0,928   	 0,700   	 110,24 	 111,11 	0,7612	 83,915   	 84,577   
06/02/2012	 1,378   	 0,722   	 1,326   	 0,773   	 0,929   	 0,701   	 115,47 	 113,39 	0,7619	 87,977   	 86,392   
13/02/2012	 1,393   	 0,735   	 1,350   	 0,794   	 0,950   	 0,719   	 118,73 	 117,19 	0,758	 89,997   	 88,830   
20/02/2012	 1,415   	 0,754   	 1,368   	 0,810   	 0,955   	 0,724   	 120,85 	 119,19 	0,7552	 91,266   	 90,012   
27/02/2012	 1,432   	 0,768   	 1,373   	 0,813   	 0,965   	 0,732   	 126,46 	 123,24 	0,7463	 94,377   	 91,974   
05/03/2012	 1,437   	 0,768   	 1,365   	 0,802   	 0,961   	 0,729   	 126,68 	 122,39 	0,7567	 95,859   	 92,613   
12/03/2012	 1,451   	 0,780   	 1,391   	 0,824   	 0,965   	 0,732   	 127,27 	 123,92 	0,7603	 96,763   	 94,216   
19/03/2012	 1,477   	 0,802   	 1,399   	 0,832   	 0,980   	 0,744   	 125,76 	 124,12 	0,7552	 94,974   	 93,735   
26/03/2012	 1,479   	 0,803   	 1,389   	 0,822   	 0,976   	 0,742   	 125,85 	 123,53 	0,7487	 94,224   	 92,487   
02/04/2012	 1,498   	 0,816   	 1,393   	 0,822   	 0,968   	 0,735   	 124,44 	 121,62 	0,7506	 93,405   	 91,288   
16/04/2012	 1,499   	 0,817   	 1,376   	 0,808   	 0,967   	 0,734   	 118,23 	 116,98 	0,7612	 89,997   	 89,045   
23/04/2012	 1,474   	 0,796   	 1,373   	 0,805   	 0,960   	 0,727   	 116,66 	 115,50 	0,7602	 88,685   	 87,803   
30/04/2012	 1,458   	 0,782   	 1,372   	 0,805   	 0,959   	 0,727   	 118,66 	 117,20 	0,7552	 89,612   	 88,509   
07/05/2012	 1,437   	 0,761   	 1,374   	 0,803   	 0,960   	 0,727   	 110,48 	 110,12 	0,766	 84,628   	 84,352   
14/05/2012	 1,415   	 0,743   	 1,350   	 0,783   	 0,944   	 0,714   	 110,79 	 108,14 	0,7796	 86,372   	 84,306   
21/05/2012	 1,407   	 0,736   	 1,345   	 0,779   	 0,935   	 0,706   	 109,02 	 105,93 	0,7804	 85,079   	 82,668   
28/05/2012	 1,410   	 0,738   	 1,330   	 0,767   	 0,929   	 0,701   	 107,55 	 105,01 	0,7974	 85,760   	 83,735   
04/06/2012	 1,402   	 0,731   	 1,319   	 0,756   	 0,920   	 0,694   	 97,74 	 95,48 	0,8002	 78,212   	 76,403   
11/06/2012	 1,373   	 0,707   	 1,299   	 0,739   	 0,891   	 0,668   	 98,60 	 97,34 	0,8017	 79,048   	 78,037   
18/06/2012	 1,361   	 0,697   	 1,291   	 0,733   	 0,883   	 0,663   	 95,21 	 95,03 	0,795	 75,692   	 75,549   
25/06/2012	 1,348   	 0,681   	 1,281   	 0,719   	 0,875   	 0,656   	 88,69 	 88,92 	0,7996	 70,917   	 71,100   
02/07/2012	 1,349   	 0,680   	 1,285   	 0,722   	 0,866   	 0,648   	 95,28 	 94,07 	0,7945	 75,700   	 74,739   
09/07/2012	 1,398   	 0,722   	 1,325   	 0,755   	 0,884   	 0,663   	 99,94 	 96,83 	0,8117	 81,121   	 78,597   
16/07/2012	 1,403   	 0,726   	 1,338   	 0,766   	 0,902   	 0,678   	 102,10 	 99,93 	0,8149	 83,201   	 81,433   
23/07/2012	 1,430   	 0,749   	 1,378   	 0,801   	 0,930   	 0,702   	 103,91 	 100,07 	0,8248	 85,705   	 82,538   
30/07/2012	 1,429   	 0,749   	 1,374   	 0,797   	 0,938   	 0,709   	 106,54 	 102,94 	0,8156	 86,894   	 83,958   
06/08/2012	 1,441   	 0,758   	 1,362   	 0,787   	 0,943   	 0,712   	 110,01 	 105,67 	0,8065	 88,723   	 85,223   
13/08/2012	 1,471   	 0,783   	 1,395   	 0,815   	 0,949   	 0,718   	 114,48 	 109,67 	0,8109	 92,832   	 88,931   
20/08/2012	 1,512   	 0,819   	 1,420   	 0,836   	 0,962   	 0,729   	 115,50 	 111,49 	0,8098	 93,532   	 90,285   
27/08/2012	 1,513   	 0,819   	 1,423   	 0,838   	 0,986   	 0,749   	 113,74 	 112,04 	0,8002	 91,015   	 89,654   
03/09/2012	 1,522   	 0,796   	 1,445   	 0,827   	 1,003   	 0,743   	 114,98 	 112,11 	0,7943	 91,329   	 89,049   
10/09/2012	 1,519   	 0,793   	 1,441   	 0,824   	 1,011   	 0,750   	 113,84 	 112,32 	0,784	 89,251   	 88,059   
17/09/2012	 1,501   	 0,778   	 1,432   	 0,816   	 1,008   	 0,747   	 116,70 	 113,72 	0,7624	 88,972   	 86,700   
24/09/2012	 1,462   	 0,745   	 1,412   	 0,799   	 0,990   	 0,732   	 109,20 	 107,47 	0,7733	 84,444   	 83,107   
01/10/2012	 1,475   	 0,756   	 1,415   	 0,802   	 0,980   	 0,723   	 112,58 	 109,29 	0,776	 87,362   	 84,809   
08/10/2012	 1,477   	 0,758   	 1,418   	 0,805   	 0,983   	 0,726   	 112,60 	 107,94 	0,7712	 86,837   	 83,243   
15/10/2012	 1,498   	 0,776   	 1,428   	 0,813   	 0,993   	 0,734   	 115,00 	 110,70 	0,7724	 88,826   	 85,505   
22/10/2012	 1,437   	 0,725   	 1,404   	 0,793   	 0,991   	 0,733   	 109,62 	 107,13 	0,7655	 83,914   	 82,008   
29/10/2012	 1,392   	 0,687   	 1,386   	 0,778   	 0,986   	 0,729   	 109,33 	 105,97 	0,7749	 84,720   	 82,116   
05/11/2012	 1,380   	 0,677   	 1,367   	 0,761   	 0,972   	 0,718   	 105,59 	 103,42 	0,782	 82,571   	 80,874   
12/11/2012	 1,364   	 0,664   	 1,351   	 0,747   	 0,961   	 0,708   	 110,23 	 106,59 	0,7869	 86,740   	 83,876   
19/11/2012	 1,372   	 0,670   	 1,346   	 0,743   	 0,958   	 0,705   	 110,06 	 108,76 	0,7804	 85,891   	 84,876   
26/11/2012	 1,374   	 0,672   	 1,351   	 0,747   	 0,960   	 0,707   	 110,18 	 108,48 	0,771	 84,949   	 83,638   
03/12/2012	 1,377   	 0,674   	 1,355   	 0,751   	 0,953   	 0,701   	 111,27 	 108,44 	0,7662	 85,255   	 83,087   
10/12/2012	 1,376   	 0,673   	 1,346   	 0,743   	 0,951   	 0,699   	 108,25 	 105,01 	0,7725	 83,623   	 81,120   
17/12/2012	 1,374   	 0,672   	 1,341   	 0,740   	 0,936   	 0,687   	 109,35 	 106,07 	0,7597	 83,073   	 80,581   
07/01/2013	 1,400   	 0,694   	 1,363   	 0,757   	 0,931   	 0,684   	 112,49 	 108,15 	0,7624	 85,762   	 82,454   
14/01/2013	 1,424   	 0,713   	 1,377   	 0,769   	 0,944   	 0,693   	 111,32 	 108,06 	0,7475	 83,212   	 80,775   
21/01/2013	 1,412   	 0,704   	 1,367   	 0,761   	 0,943   	 0,693   	 112,72 	 109,32 	0,7513	 84,687   	 82,132   
28/01/2013	 1,427   	 0,716   	 1,375   	 0,767   	 0,949   	 0,697   	 113,92 	 110,15 	0,7432	 84,665   	 81,863   
04/02/2013	 1,453   	 0,737   	 1,378   	 0,770   	 0,948   	 0,696   	 116,06 	 112,99 	0,7399	 85,873   	 83,601   
11/02/2013	 1,462   	 0,744   	 1,389   	 0,778   	 0,957   	 0,704   	 118,29 	 114,36 	0,7459	 88,233   	 85,301   
18/02/2013	 1,484   	 0,762   	 1,410   	 0,796   	 0,968   	 0,713   	 117,04 	 114,18 	0,7491	 87,675   	 85,532   
25/02/2013	 1,509   	 0,783   	 1,415   	 0,800   	 0,972   	 0,716   	 114,55 	 111,20 	0,7654	 87,677   	 85,112   
04/03/2013	 1,489   	 0,766   	 1,398   	 0,786   	 0,954   	 0,701   	 109,90 	 106,12 	0,768	 84,403   	 81,500   
11/03/2013	 1,455   	 0,738   	 1,377   	 0,769   	 0,937   	 0,687   	 108,64 	 106,96 	0,7666	 83,283   	 81,996   
18/03/2013	 1,444   	 0,729   	 1,370   	 0,763   	 0,936   	 0,686   	 108,54 	 106,36 	0,7721	 83,804   	 82,121   
25/03/2013	 1,453   	 0,736   	 1,363   	 0,757   	 0,926   	 0,678   	 106,66 	 105,48 	0,7779	 82,971   	 82,053   
08/04/2013	 1,465   	 0,746   	 1,374   	 0,766   	 0,925   	 0,677   	 103,16 	 102,35 	0,7682	 79,248   	 78,625   
15/04/2013	 1,428   	 0,716   	 1,342   	 0,740   	 0,908   	 0,663   	 99,32 	 98,56 	0,7665	 76,129   	 75,546   
22/04/2013	 1,404   	 0,696   	 1,311   	 0,714   	 0,883   	 0,642   	 99,07 	 97,75 	0,7652	 75,808   	 74,798   
29/04/2013	 1,403   	 0,695   	 1,309   	 0,712   	 0,877   	 0,637   	 102,88 	 100,91 	0,7633	 78,528   	 77,025   
06/05/2013	 1,397   	 0,690   	 1,305   	 0,709   	 0,876   	 0,637   	 105,00 	 102,61 	0,7648	 80,304   	 78,476   
13/05/2013	 1,405   	 0,697   	 1,324   	 0,725   	 0,877   	 0,637   	 102,17 	 100,47 	0,7707	 78,742   	 77,432   
20/05/2013	 1,412   	 0,702   	 1,330   	 0,729   	 0,884   	 0,643   	 104,55 	 101,95 	0,7762	 81,152   	 79,134   
27/05/2013	 1,437   	 0,723   	 1,349   	 0,745   	 0,891   	 0,649   	 103,77 	 99,56 	0,7733	 80,245   	 76,990   
03/06/2013	 1,436   	 0,722   	 1,343   	 0,740   	 0,893   	 0,651   	 101,63 	 98,88 	0,7648	 77,727   	 75,623   
10/06/2013	 1,430   	 0,718   	 1,329   	 0,729   	 0,881   	 0,640   	 103,87 	 101,38 	0,7543	 78,349   	 76,471   
17/06/2013	 1,424   	 0,713   	 1,326   	 0,726   	 0,883   	 0,642   	 105,80 	 103,85 	0,748	 79,138   	 77,680   
24/06/2013	 1,426   	 0,714   	 1,334   	 0,732   	 0,888   	 0,646   	 99,80 	 98,33 	0,7623	 76,078   	 74,957   
01/07/2013	 1,421   	 0,710   	 1,333   	 0,731   	 0,875   	 0,636   	 103,19 	 100,10 	0,7654	 78,982   	 76,617   
08/07/2013	 1,422   	 0,711   	 1,339   	 0,736   	 0,898   	 0,655   	 107,75 	 103,96 	0,777	 83,722   	 80,777   
15/07/2013	 1,451   	 0,734   	 1,364   	 0,757   	 0,914   	 0,667   	 109,05 	 105,31 	0,7655	 83,478   	 80,615   
22/07/2013	 1,473   	 0,753   	 1,373   	 0,765   	 0,919   	 0,672   	 108,82 	 106,14 	0,7585	 82,540   	 80,507   
29/07/2013	 1,472   	 0,751   	 1,376   	 0,767   	 0,909   	 0,664   	 108,10 	 105,21 	0,754	 81,507   	 79,328   
05/08/2013	 1,458   	 0,740   	 1,364   	 0,757   	 0,887   	 0,646   	 109,81 	 106,43 	0,7542	 82,819   	 80,270   
12/08/2013	 1,451   	 0,734   	 1,359   	 0,754   	 0,879   	 0,639   	 109,28 	 105,27 	0,7519	 82,168   	 79,153   
19/08/2013	 1,449   	 0,733   	 1,361   	 0,755   	 0,907   	 0,663   	 111,41 	 107,83 	0,7499	 83,546   	 80,862   
26/08/2013	 1,457   	 0,739   	 1,371   	 0,763   	 0,914   	 0,667   	 112,23 	 108,36 	0,748	 83,948   	 81,053   
02/09/2013	 1,470   	 0,750   	 1,382   	 0,772   	 0,932   	 0,682   	 115,49 	 110,32 	0,7581	 87,553   	 83,634   
09/09/2013	 1,478   	 0,757   	 1,401   	 0,788   	 0,949   	 0,696   	 115,20 	 111,39 	0,7544	 86,907   	 84,033   
16/09/2013	 1,454   	 0,737   	 1,397   	 0,785   	 0,941   	 0,689   	 110,86 	 109,04 	0,75	 83,145   	 81,780   
23/09/2013	 1,425   	 0,713   	 1,380   	 0,771   	 0,926   	 0,678   	 108,56 	 106,52 	0,7411	 80,454   	 78,942   
30/09/2013	 1,416   	 0,706   	 1,361   	 0,756   	 0,912   	 0,666   	 107,85 	 105,61 	0,7393	 79,734   	 78,077   
07/10/2013	 1,411   	 0,702   	 1,359   	 0,754   	 0,900   	 0,656   	 109,66 	 106,45 	0,7362	 80,732   	 78,368   
14/10/2013	 1,407   	 0,699   	 1,361   	 0,755   	 0,901   	 0,657   	 110,13 	 108,00 	0,7374	 81,210   	 79,639   
21/10/2013	 1,408   	 0,699   	 1,362   	 0,756   	 0,901   	 0,657   	 109,47 	 106,76 	0,7308	 80,001   	 78,020   
28/10/2013	 1,399   	 0,692   	 1,347   	 0,744   	 0,907   	 0,662   	 108,29 	 105,75 	0,7255	 78,564   	 76,722   
04/11/2013	 1,383   	 0,679   	 1,339   	 0,737   	 0,892   	 0,650   	 104,85 	 104,22 	0,7399	 77,579   	 77,112   
11/11/2013	 1,379   	 0,675   	 1,336   	 0,735   	 0,890   	 0,648   	 105,76 	 103,39 	0,746	 78,897   	 77,129   
18/11/2013	 1,391   	 0,685   	 1,337   	 0,735   	 0,888   	 0,647   	 108,80 	 105,04 	0,7405	 80,566   	 77,782   
25/11/2013	 1,400   	 0,693   	 1,344   	 0,741   	 0,894   	 0,652   	 110,83 	 106,07 	0,7399	 82,003   	 78,481   
02/12/2013	 1,406   	 0,698   	 1,357   	 0,752   	 0,908   	 0,663   	 111,49 	 106,74 	0,7385	 82,335   	 78,827   
09/12/2013	 1,405   	 0,697   	 1,361   	 0,755   	 0,902   	 0,658   	 110,07 	 107,72 	0,7279	 80,120   	 78,409   
16/12/2013	 1,396   	 0,690   	 1,347   	 0,744   	 0,902   	 0,658   	 110,30 	 106,92 	0,7267	 80,155   	 77,699   
06/01/2014	 1,407   	 0,698   	 1,358   	 0,751   	 0,912   	 0,666   	 106,71 	 104,33 	0,7338	 78,304   	 76,557   
13/01/2014	 1,395   	 0,688   	 1,343   	 0,739   	 0,896   	 0,653   	 108,02 	 103,93 	0,7315	 79,017   	 76,025   
20/01/2014	 1,387   	 0,681   	 1,335   	 0,732   	 0,901   	 0,657   	 108,01 	 104,17 	0,7379	 79,701   	 76,867   
27/01/2014	 1,389   	 0,683   	 1,339   	 0,736   	 0,888   	 0,647   	 108,72 	 104,62 	0,7314	 79,518   	 76,519   
03/02/2014	 1,387   	 0,681   	 1,336   	 0,733   	 0,892   	 0,650   	 106,55 	 102,55 	0,7393	 78,772   	 75,815   
10/02/2014	 1,388   	 0,682   	 1,336   	 0,733   	 0,895   	 0,652   	 110,18 	 105,52 	0,7328	 80,740   	 77,325   
17/02/2014	 1,396   	 0,689   	 1,338   	 0,735   	 0,890   	 0,649   	 110,14 	 106,11 	0,7295	 80,347   	 77,407   
24/02/2014	 1,402   	 0,694   	 1,340   	 0,736   	 0,895   	 0,652   	 109,76 	 106,70 	0,728	 79,905   	 77,678   
03/03/2014	 1,408   	 0,698   	 1,342   	 0,738   	 0,891   	 0,650   	 111,26 	 107,80 	0,728	 80,997   	 78,478   
10/03/2014	 1,400   	 0,692   	 1,335   	 0,732   	 0,891   	 0,649   	 108,27 	 104,48 	0,7207	 78,030   	 75,299   
17/03/2014	 1,392   	 0,686   	 1,323   	 0,723   	 0,879   	 0,639   	 106,99 	 103,85 	0,7183	 76,851   	 74,595   
24/03/2014	 1,393   	 0,686   	 1,315   	 0,716   	 0,868   	 0,630   	 106,59 	 103,13 	0,7226	 77,022   	 74,522   
31/03/2014	 1,399   	 0,691   	 1,320   	 0,720   	 0,873   	 0,634   	 105,95 	 104,08 	0,7261	 76,930   	 75,572   
07/04/2014	 1,400   	 0,692   	 1,319   	 0,719   	 0,867   	 0,629   	 104,89 	 102,16 	0,7278	 76,339   	 74,352   
14/04/2014	 1,410   	 0,700   	 1,320   	 0,720   	 0,868   	 0,630   	 107,68 	 104,81 	0,7236	 77,917   	 75,841   
28/04/2014	 1,428   	 0,715   	 1,329   	 0,727   	 0,875   	 0,635   	 109,12 	 105,43 	0,722	 78,785   	 76,120   
05/05/2014	 1,428   	 0,715   	 1,327   	 0,725   	 0,875   	 0,635   	 109,48 	 104,35 	0,7207	 78,902   	 75,205   
12/05/2014	 1,417   	 0,706   	 1,315   	 0,716   	 0,870   	 0,631   	 108,37 	 104,21 	0,7269	 78,774   	 75,750   
19/05/2014	 1,415   	 0,705   	 1,322   	 0,721   	 0,875   	 0,635   	 110,84 	 106,43 	0,7294	 80,847   	 77,630   
26/05/2014	 1,424   	 0,711   	 1,326   	 0,724   	 0,881   	 0,640   	 110,01 	 106,73 	0,7329	 80,626   	 78,222   
02/06/2014	 1,428   	 0,715   	 1,327   	 0,726   	 0,883   	 0,642   	 109,34 	 105,60 	0,7354	 80,409   	 77,658   
09/06/2014	 1,422   	 0,710   	 1,316   	 0,717   	 0,875   	 0,635   	 110,55 	 105,72 	0,7356	 81,321   	 77,768   
16/06/2014	 1,428   	 0,715   	 1,320   	 0,720   	 0,875   	 0,636   	 113,42 	 109,09 	0,7367	 83,557   	 80,367   
23/06/2014	 1,449   	 0,732   	 1,341   	 0,737   	 0,886   	 0,645   	 113,62 	 110,30 	0,735	 83,511   	 81,071   
30/06/2014	 1,457   	 0,739   	 1,347   	 0,742   	 0,891   	 0,649   	 111,03 	 108,59 	0,7304	 81,096   	 79,314   
07/07/2014	 1,452   	 0,735   	 1,338   	 0,735   	 0,886   	 0,644   	 108,70 	 106,89 	0,735	 79,895   	 78,564   
14/07/2014	 1,444   	 0,728   	 1,328   	 0,726   	 0,881   	 0,639   	 104,73 	 104,12 	0,7342	 76,893   	 76,445   
21/07/2014	 1,437   	 0,723   	 1,321   	 0,721   	 0,874   	 0,635   	 105,71 	 105,07 	0,7394	 78,162   	 77,689   
28/07/2014	 1,424   	 0,712   	 1,319   	 0,719   	 0,868   	 0,630   	 106,70 	 105,11 	0,744	 79,385   	 78,202   
04/08/2014	 1,405   	 0,697   	 1,316   	 0,716   	 0,873   	 0,633   	 103,63 	 102,58 	0,745	 77,204   	 76,422   
11/08/2014	 1,410   	 0,700   	 1,325   	 0,724   	 0,874   	 0,633   	 103,47 	 102,29 	0,747	 77,292   	 76,411   
18/08/2014	 1,414   	 0,704   	 1,326   	 0,725   	 0,876   	 0,635   	 99,37 	 99,42 	0,7483	 74,359   	 74,396   
25/08/2014	 1,407   	 0,698   	 1,319   	 0,719   	 0,871   	 0,631   	 100,49 	 99,09 	0,758	 76,171   	 75,110   
01/09/2014	 1,413   	 0,703   	 1,325   	 0,724   	 0,870   	 0,631   	 100,21 	 100,10 	0,7618	 76,340   	 76,256   
08/09/2014	 1,417   	 0,706   	 1,328   	 0,726   	 0,871   	 0,632   	 99,53 	 97,00 	0,7753	 77,166   	 75,204   
15/09/2014	 1,416   	 0,705   	 1,327   	 0,725   	 0,869   	 0,630   	 96,43 	 94,68 	0,7727	 74,511   	 73,159   
22/09/2014	 1,406   	 0,697   	 1,319   	 0,719   	 0,869   	 0,631   	 95,37 	 94,37 	0,7782	 74,217   	 73,439   
29/09/2014	 1,402   	 0,694   	 1,313   	 0,714   	 0,860   	 0,623   	 95,70 	 94,54 	0,7883	 75,440   	 74,526   
06/10/2014	 1,405   	 0,696   	 1,313   	 0,714   	 0,857   	 0,621   	 90,65 	 90,40 	0,7903	 71,641   	 71,443   
13/10/2014	 1,392   	 0,686   	 1,298   	 0,702   	 0,842   	 0,608   	 87,82 	 85,93 	0,7842	 68,868   	 67,386   
20/10/2014	 1,352   	 0,653   	 1,274   	 0,682   	 0,812   	 0,583   	 84,42 	 82,37 	0,7813	 65,957   	 64,356   
27/10/2014	 1,329   	 0,633   	 1,260   	 0,670   	 0,812   	 0,583   	 85,64 	 82,37 	0,7875	 67,442   	 64,866   
03/11/2014	 1,332   	 0,636   	 1,264   	 0,674   	 0,811   	 0,583   	 84,90 	 80,64 	0,8012	 68,022   	 64,609   
10/11/2014	 1,331   	 0,635   	 1,266   	 0,675   	 0,812   	 0,584   	 82,90 	 78,98 	0,8051	 66,743   	 63,587   
17/11/2014	 1,328   	 0,633   	 1,263   	 0,672   	 0,809   	 0,581   	 76,86 	 73,90 	0,8032	 61,734   	 59,356   
24/11/2014	 1,308   	 0,616   	 1,241   	 0,655   	 0,786   	 0,562   	 79,62 	 75,70 	0,8037	 63,991   	 60,840   
01/12/2014	 1,294   	 0,604   	 1,229   	 0,644   	 0,777   	 0,555   	 70,87 	 66,44 	0,8019	 56,831   	 53,278   
08/12/2014	 1,254   	 0,571   	 1,195   	 0,617   	 0,766   	 0,543   	 65,64 	 63,78 	0,8119	 53,293   	 51,783   
15/12/2014	 1,218   	 0,541   	 1,162   	 0,590   	 0,727   	 0,512   	 61,09 	 57,92 	0,804	 49,116   	 46,568   
22/12/2014	 1,218   	 0,541   	 1,162   	 0,590   	 0,727   	 0,512   	 58,31 	 56,90 	0,8176	 47,674   	 46,521   
29/12/2014	 1,218   	 0,541   	 1,162   	 0,590   	 0,727   	 0,512   	 57,86 	 54,44 	0,8229	 47,613   	 44,799   
05/01/2015	 1,151   	 0,488   	 1,102   	 0,542   	 0,664   	 0,461   	 51,08 	 48,87 	0,838	 42,805   	 40,953   
12/01/2015	 1,132   	 0,474   	 1,080   	 0,524   	 0,641   	 0,442   	 46,90 	 43,55 	0,8451	 39,635   	 36,804   
19/01/2015	 1,117   	 0,461   	 1,057   	 0,505   	 0,627   	 0,430   	 46,49 	 43,87 	0,8617	 40,060   	 37,803   
26/01/2015	 1,121   	 0,465   	 1,059   	 0,508   	 0,619   	 0,424   	 46,07 	 42,90 	0,8898	 40,993   	 38,172   
02/02/2015	 1,136   	 0,477   	 1,072   	 0,518   	 0,628   	 0,432   	 51,74 	 48,19 	0,8817	 45,619   	 42,489   
09/02/2015	 1,179   	 0,512   	 1,108   	 0,548   	 0,673   	 0,469   	 57,00 	 53,58 	0,8831	 50,337   	 47,316   
16/02/2015	 1,209   	 0,538   	 1,141   	 0,575   	 0,692   	 0,485   	 61,57 	 56,43 	0,8807	 54,225   	 49,698   
23/02/2015	 1,225   	 0,551   	 1,162   	 0,593   	 0,709   	 0,499   	 59,78 	 54,09 	0,8824	 52,750   	 47,729   
02/03/2015	 1,237   	 0,561   	 1,171   	 0,600   	 0,715   	 0,503   	 60,75 	 56,74 	0,8941	 54,317   	 50,731   
09/03/2015	 1,259   	 0,578   	 1,178   	 0,606   	 0,722   	 0,510   	 58,67 	 54,53 	0,9214	 54,059   	 50,244   
16/03/2015	 1,269   	 0,587   	 1,179   	 0,606   	 0,718   	 0,506   	 52,00 	 49,46 	0,9462	 49,202   	 46,799   
23/03/2015	 1,262   	 0,581   	 1,160   	 0,591   	 0,706   	 0,497   	 53,82 	 50,30 	0,9135	 49,165   	 45,949   
30/03/2015	 1,267   	 0,585   	 1,156   	 0,587   	 0,704   	 0,494   	 53,99 	 51,45 	0,9231	 49,838   	 47,493   
13/04/2015	 1,261   	 0,581   	 1,153   	 0,585   	 0,697   	 0,489   	 57,14 	 55,86 	0,9463	 54,072   	 52,860   
20/04/2015	 1,288   	 0,603   	 1,180   	 0,607   	 0,713   	 0,502   	 61,20 	 59,50 	0,9311	 56,983   	 55,400   
27/04/2015	 1,308   	 0,619   	 1,197   	 0,621   	 0,731   	 0,517   	 62,86 	 61,06 	0,9184	 57,731   	 56,078   
04/05/2015	 1,317   	 0,627   	 1,201   	 0,625   	 0,741   	 0,525   	 64,62 	 62,85 	0,8972	 57,977   	 56,389   
11/05/2015	 1,315   	 0,625   	 1,205   	 0,628   	 0,745   	 0,528   	 62,82 	 62,03 	0,8964	 56,312   	 55,604   
18/05/2015	 1,311   	 0,621   	 1,203   	 0,626   	 0,743   	 0,527   	 65,15 	 62,98 	0,8838	 57,580   	 55,662   
25/05/2015	 1,315   	 0,625   	 1,204   	 0,627   	 0,742   	 0,526   	 61,65 	 61,18 	0,9109	 56,157   	 55,729   
01/06/2015	 1,319   	 0,628   	 1,201   	 0,625   	 0,745   	 0,529   	 62,87 	 60,46 	0,9151	 57,532   	 55,327   
08/06/2015	 1,323   	 0,632   	 1,195   	 0,620   	 0,747   	 0,530   	 61,33 	 59,42 	0,8857	 54,320   	 52,628   
15/06/2015	 1,330   	 0,638   	 1,186   	 0,613   	 0,724   	 0,509   	 60,99 	 60,17 	0,8862	 54,049   	 53,323   
22/06/2015	 1,338   	 0,644   	 1,182   	 0,610   	 0,721   	 0,508   	 60,54 	 59,36 	0,8818	 53,384   	 52,344   
29/06/2015	 1,325   	 0,633   	 1,177   	 0,605   	 0,721   	 0,509   	 59,03 	 58,24 	0,89	 52,537   	 51,834   
06/07/2015	 1,327   	 0,635   	 1,178   	 0,606   	 0,717   	 0,505   	 57,19 	 55,79 	0,9044	 51,723   	 50,456   
13/07/2015	 1,332   	 0,639   	 1,158   	 0,589   	 0,709   	 0,498   	 57,63 	 55,23 	0,9088	 52,374   	 50,193   
20/07/2015	 1,321   	 0,630   	 1,145   	 0,579   	 0,698   	 0,489   	 56,42 	 53,79 	0,9236	 52,110   	 49,680   
27/07/2015	 1,307   	 0,619   	 1,138   	 0,573   	 0,696   	 0,488   	 54,07 	 51,30 	0,9014	 48,739   	 46,242   
03/08/2015	 1,284   	 0,600   	 1,120   	 0,558   	 0,678   	 0,470   	 49,49 	 48,40 	0,9132	 45,194   	 44,199   
10/08/2015	 1,272   	 0,589   	 1,106   	 0,546   	 0,663   	 0,459   	 48,30 	 47,32 	0,9074	 43,827   	 42,938   
17/08/2015	 1,253   	 0,573   	 1,096   	 0,538   	 0,661   	 0,457   	 47,77 	 45,96 	0,9026	 43,117   	 41,483   
24/08/2015	 1,233   	 0,557   	 1,087   	 0,531   	 0,641   	 0,440   	 41,59 	 40,67 	0,8605	 35,788   	 34,997   
31/08/2015	 1,184   	 0,517   	 1,054   	 0,503   	 0,604   	 0,412   	 48,80 	 47,01 	0,8917	 43,515   	 41,919   
07/09/2015	 1,194   	 0,525   	 1,081   	 0,526   	 0,619   	 0,424   	 46,42 	 45,59 	0,8954	 41,564   	 40,821   
14/09/2015	 1,195   	 0,526   	 1,085   	 0,529   	 0,633   	 0,436   	 45,87 	 43,85 	0,8833	 40,517   	 38,733   
21/09/2015	 1,179   	 0,513   	 1,072   	 0,519   	 0,617   	 0,423   	 47,64 	 43,81 	0,8937	 42,576   	 39,153   
28/09/2015	 1,175   	 0,509   	 1,071   	 0,517   	 0,618   	 0,424   	 46,04 	 43,54 	0,8892	 40,939   	 38,716   
05/10/2015	 1,170   	 0,506   	 1,070   	 0,517   	 0,619   	 0,424   	 49,45 	 44,95 	0,8941	 44,213   	 40,190   
12/10/2015	 1,178   	 0,512   	 1,077   	 0,523   	 0,630   	 0,432   	 50,95 	 47,97 	0,8807	 44,872   	 42,247   
19/10/2015	 1,166   	 0,502   	 1,063   	 0,511   	 0,611   	 0,417   	 47,51 	 44,92 	0,8831	 41,956   	 39,669   
26/10/2015	 1,151   	 0,490   	 1,051   	 0,501   	 0,602   	 0,410   	 46,57 	 43,13 	0,9044	 42,118   	 39,007   
02/11/2015	 1,155   	 0,493   	 1,053   	 0,503   	 0,607   	 0,414   	 47,91 	 43,95 	0,9077	 43,488   	 39,893   
09/11/2015	 1,172   	 0,507   	 1,067   	 0,515   	 0,614   	 0,420   	 45,38 	 42,13 	0,9303	 42,217   	 39,194   
16/11/2015	 1,170   	 0,505   	 1,066   	 0,513   	 0,615   	 0,420   	 40,28 	 38,18 	0,9358	 37,694   	 35,729   
23/11/2015	 1,157   	 0,494   	 1,051   	 0,501   	 0,602   	 0,411   	 43,70 	 38,35 	0,9402	 41,087   	 36,057   
30/11/2015	 1,166   	 0,502   	 1,054   	 0,503   	 0,603   	 0,411   	 43,73 	 38,93 	0,9466	 41,395   	 36,851   
07/12/2015	 1,162   	 0,499   	 1,039   	 0,491   	 0,600   	 0,406   	 39,69 	 36,40 	0,9228	 36,626   	 33,590   
14/12/2015	 1,141   	 0,481   	 1,006   	 0,464   	 0,558   	 0,374   	 36,51 	 32,55 	0,9098	 33,217   	 29,614   
04/01/2016	 1,141   	 0,481   	 1,006   	 0,464   	 0,558   	 0,374   	 36,28 	 31,79 	0,9232	 33,494   	 29,349   
11/01/2016	 1,132   	 0,473   	 0,958   	 0,424   	 0,511   	 0,335   	 30,14 	 27,07 	0,9208	 27,753   	 24,926   
18/01/2016	 1,110   	 0,455   	 0,934   	 0,404   	 0,488   	 0,316   	 27,36 	 23,58 	0,9181	 25,119   	 21,649   
25/01/2016	 1,095   	 0,443   	 0,909   	 0,384   	 0,469   	 0,299   	 29,82 	 25,58 	0,9218	 27,488   	 23,580   
01/02/2016	 1,104   	 0,451   	 0,918   	 0,391   	 0,479   	 0,309   	 32,45 	 29,73 	0,9184	 29,802   	 27,304   
08/02/2016	 1,098   	 0,446   	 0,930   	 0,401   	 0,485   	 0,313   	 31,64 	 29,00 	0,8931	 28,258   	 25,900   
15/02/2016	 1,070   	 0,422   	 0,920   	 0,392   	 0,476   	 0,306   	 31,09 	 28,44 	0,8964	 27,869   	 25,494   
22/02/2016	 1,070   	 0,422   	 0,929   	 0,399   	 0,487   	 0,315   	 33,59 	 29,48 	0,9066	 30,453   	 26,727   
29/02/2016	 1,065   	 0,419   	 0,930   	 0,400   	 0,476   	 0,306   	 35,92 	 31,65 	0,9197	 33,036   	 29,109   
07/03/2016	 1,078   	 0,429   	 0,946   	 0,414   	 0,495   	 0,321   	 39,02 	 34,43 	0,908	 35,430   	 31,262   
14/03/2016	 1,105   	 0,451   	 0,971   	 0,435   	 0,512   	 0,334   	 38,06 	 34,74 	0,9004	 34,269   	 31,280   
21/03/2016	 1,116   	 0,461   	 0,978   	 0,440   	 0,521   	 0,342   	 39,91 	 36,27 	0,8896	 35,504   	 32,266   
04/04/2016	 1,136   	 0,477   	 0,976   	 0,439   	 0,515   	 0,338   	 36,05 	 33,40 	0,8779	 31,648   	 29,322   
11/04/2016	 1,127   	 0,470   	 0,954   	 0,420   	 0,507   	 0,332   	 41,58 	 37,02 	0,8765	 36,445   	 32,448   
18/04/2016	 1,148   	 0,487   	 0,971   	 0,434   	 0,518   	 0,341   	 41,64 	 36,58 	0,8839	 36,806   	 32,333   
25/04/2016	 1,152   	 0,490   	 0,986   	 0,447   	 0,526   	 0,347   	 42,97 	 39,40 	0,8874	 38,132   	 34,964   
02/05/2016	 1,164   	 0,500   	 1,004   	 0,462   	 0,542   	 0,358   	 45,82 	 42,48 	0,867	 39,726   	 36,830   
09/05/2016	 1,160   	 0,497   	 1,006   	 0,463   	 0,545   	 0,363   	 42,43 	 40,77 	0,8785	 37,275   	 35,816   
16/05/2016	 1,157   	 0,494   	 1,008   	 0,465   	 0,547   	 0,365   	 48,49 	 44,37 	0,8835	 42,841   	 39,201   
23/05/2016	 1,178   	 0,512   	 1,032   	 0,485   	 0,565   	 0,379   	 47,77 	 44,07 	0,8913	 42,577   	 39,280   
30/05/2016	 1,190   	 0,522   	 1,048   	 0,498   	 0,579   	 0,391   	 49,26 	 44,80 	0,8971	 44,191   	 40,190   
06/06/2016	 1,192   	 0,523   	 1,055   	 0,504   	 0,594   	 0,403   	 48,94 	 46,10 	0,8807	 43,101   	 40,600   
13/06/2016	 1,186   	 0,518   	 1,057   	 0,505   	 0,595   	 0,404   	 49,36 	 46,25 	0,8856	 43,713   	 40,959   
20/06/2016	 1,179   	 0,513   	 1,052   	 0,502   	 0,590   	 0,400   	 48,68 	 46,24 	0,8839	 43,028   	 40,872   
27/06/2016	 1,184   	 0,517   	 1,048   	 0,498   	 0,592   	 0,401   	 45,07 	 44,32 	0,9072	 40,888   	 40,207   
04/07/2016	 1,183   	 0,516   	 1,050   	 0,500   	 0,586   	 0,397   	 48,02 	 46,08 	0,8964	 43,045   	 41,306   
11/07/2016	 1,168   	 0,503   	 1,042   	 0,493   	 0,589   	 0,400   	 44,04 	 42,21 	0,9043	 39,825   	 38,171   
18/07/2016	 1,150   	 0,488   	 1,031   	 0,484   	 0,578   	 0,388   	 45,35 	 43,36 	0,9031	 40,956   	 39,158   
25/07/2016	 1,144   	 0,484   	 1,027   	 0,480   	 0,575   	 0,385   	 43,76 	 41,35 	0,9096	 39,804   	 37,612   
01/08/2016	 1,134   	 0,476   	 1,015   	 0,471   	 0,560   	 0,375   	 40,17 	 39,10 	0,8959	 35,988   	 35,030   
08/08/2016	 1,122   	 0,465   	 0,996   	 0,455   	 0,581   	 0,392   	 43,24 	 41,10 	0,9015	 38,981   	 37,052   
15/08/2016	 1,132   	 0,473   	 1,004   	 0,461   	 0,623   	 0,427   	 47,31 	 43,92 	0,8942	 42,305   	 39,273   
22/08/2016	 1,145   	 0,484   	 1,024   	 0,478   	 0,616   	 0,421   	 48,10 	 46,04 	0,8835	 42,496   	 40,676   
29/08/2016	 1,157   	 0,494   	 1,037   	 0,489   	 0,674   	 0,467   	 49,66 	 45,44 	0,8938	 44,386   	 40,614   
05/09/2016	 1,159   	 0,496   	 1,035   	 0,487   	 0,648   	 0,446   	 46,72 	 43,54 	0,8972	 41,917   	 39,064   
12/09/2016	 1,155   	 0,492   	 1,028   	 0,481   	 0,572   	 0,383   	 47,82 	 44,53 	0,8901	 42,565   	 39,636   
19/09/2016	 1,158   	 0,495   	 1,029   	 0,482   	 0,575   	 0,386   	 46,04 	 42,09 	0,8949	 41,201   	 37,666   
26/09/2016	 1,156   	 0,494   	 1,028   	 0,482   	 0,581   	 0,391   	 46,61 	 42,16 	0,8886	 41,418   	 37,463   
03/10/2016	 1,160   	 0,497   	 1,033   	 0,486   	 0,583   	 0,392   	 48,61 	 46,65 	0,892	 43,360   	 41,612   
10/10/2016	 1,179   	 0,512   	 1,053   	 0,502   	 0,603   	 0,409   	 51,54 	 48,31 	0,8978	 46,273   	 43,373   
17/10/2016	 1,186   	 0,518   	 1,067   	 0,514   	 0,611   	 0,416   	 49,31 	 48,22 	0,9091	 44,828   	 43,837   
24/10/2016	 1,189   	 0,521   	 1,073   	 0,519   	 0,612   	 0,416   	 49,80 	 48,15 	0,919	 45,766   	 44,250   
31/10/2016	 1,190   	 0,521   	 1,075   	 0,521   	 0,615   	 0,418   	 46,20 	 45,83 	0,9106	 42,070   	 41,733   
07/11/2016	 1,180   	 0,513   	 1,061   	 0,509   	 0,604   	 0,410   	 42,83 	 41,98 	0,9058	 38,795   	 38,025   
14/11/2016	 1,162   	 0,498   	 1,042   	 0,493   	 0,593   	 0,402   	 41,83 	 40,94 	0,9314	 38,960   	 38,132   
21/11/2016	 1,159   	 0,496   	 1,041   	 0,493   	 0,591   	 0,400   	 45,96 	 44,34 	0,9408	 43,239   	 41,715   
28/11/2016	 1,174   	 0,509   	 1,059   	 0,508   	 0,606   	 0,412   	 46,64 	 43,84 	0,9421	 43,940   	 41,302   
05/12/2016	 1,184   	 0,517   	 1,070   	 0,516   	 0,621   	 0,424   	 53,30 	 51,25 	0,9291	 49,521   	 47,616   
12/12/2016	 1,203   	 0,532   	 1,090   	 0,533   	 0,644   	 0,443   	 53,99 	 53,24 	0,9404	 50,772   	 50,067   
19/12/2016	 1,216   	 0,543   	 1,106   	 0,546   	 0,650   	 0,449   	 53,53 	 52,18 	0,9614	 51,464   	 50,166   
02/01/2017	 1,237   	 0,561   	 1,128   	 0,564   	 0,671   	 0,465   	 55,05 	 53,13 	0,956	 52,628   	 50,792   
09/01/2017	 1,247   	 0,569   	 1,137   	 0,572   	 0,687   	 0,478   	 54,39 	 52,85 	0,9457	 51,437   	 49,980   
16/01/2017	 1,242   	 0,565   	 1,129   	 0,566   	 0,733   	 0,517   	 54,30 	 52,17 	0,9432	 51,216   	 49,207   
23/01/2017	 1,242   	 0,565   	 1,124   	 0,561   	 0,757   	 0,537   	 54,80 	 52,10 	0,929	 50,909   	 48,401   
30/01/2017	 1,244   	 0,567   	 1,123   	 0,561   	 0,734   	 0,518   	 54,77 	 52,78 	0,9351	 51,215   	 49,355   
06/02/2017	 1,246   	 0,568   	 1,125   	 0,562   	 0,722   	 0,508   	 55,02 	 53,77 	0,9302	 51,180   	 50,017   
13/02/2017	 1,248   	 0,570   	 1,128   	 0,564   	 0,697   	 0,487   	 54,15 	 53,47 	0,9435	 51,091   	 50,449   
20/02/2017	 1,255   	 0,576   	 1,131   	 0,567   	 0,690   	 0,481   	 55,25 	 53,49 	0,9422	 52,057   	 50,398   
27/02/2017	 1,253   	 0,574   	 1,134   	 0,570   	 0,693   	 0,483   	 54,65 	 53,85 	0,9446	 51,622   	 50,867   
06/03/2017	 1,250   	 0,571   	 1,132   	 0,568   	 0,689   	 0,480   	 54,73 	 53,13 	0,945	 51,720   	 50,208   
13/03/2017	 1,237   	 0,561   	 1,125   	 0,562   	 0,678   	 0,471   	 50,10 	 49,00 	0,9386	 47,024   	 45,991   
20/03/2017	 1,218   	 0,545   	 1,106   	 0,547   	 0,672   	 0,466   	 50,67 	 49,18 	0,9312	 47,184   	 45,796   
27/03/2017	 1,213   	 0,541   	 1,096   	 0,539   	 0,658   	 0,455   	 49,97 	 48,25 	0,9204	 45,992   	 44,409   
03/04/2017	 1,216   	 0,543   	 1,094   	 0,537   	 0,650   	 0,448   	 52,04 	 50,69 	0,9374	 48,782   	 47,517   
10/04/2017	 1,236   	 0,560   	 1,109   	 0,549   	 0,667   	 0,462   	 54,79 	 53,14 	0,9437	 51,705   	 50,148   
24/04/2017	 1,258   	 0,578   	 1,126   	 0,563   	 0,673   	 0,467   	 49,45 	 49,66 	0,9202	 45,504   	 45,697   
01/05/2017	 1,239   	 0,563   	 1,109   	 0,550   	 0,671   	 0,465   	 50,41 	 49,19 	0,9175	 46,251   	 45,132   
08/05/2017	 1,220   	 0,547   	 1,093   	 0,536   	 0,683   	 0,475   	 46,61 	 46,91 	0,9154	 42,667   	 42,941   
15/05/2017	 1,206   	 0,536   	 1,080   	 0,525   	 0,633   	 0,434   	 51,29 	 49,77 	0,9112	 46,735   	 45,350   
22/05/2017	 1,211   	 0,539   	 1,082   	 0,527   	 0,638   	 0,438   	 53,35 	 51,54 	0,8899	 47,476   	 45,865   
29/05/2017	 1,216   	 0,543   	 1,088   	 0,532   	 0,637   	 0,437   	 52,25 	 49,67 	0,8958	 46,806   	 44,494   
05/06/2017	 1,208   	 0,537   	 1,079   	 0,525   	 0,629   	 0,430   	 48,25 	 47,37 	0,8885	 42,870   	 42,088   
12/06/2017	 1,194   	 0,526   	 1,061   	 0,509   	 0,621   	 0,423   	 47,18 	 45,94 	0,8927	 42,118   	 41,011   
19/06/2017	 1,182   	 0,516   	 1,050   	 0,500   	 0,599   	 0,406   	 45,93 	 44,46 	0,897	 41,199   	 39,881   
26/06/2017	 1,172   	 0,507   	 1,041   	 0,493   	 0,575   	 0,386   	 44,09 	 43,14 	0,8943	 39,430   	 38,580   
03/07/2017	 1,168   	 0,504   	 1,039   	 0,491   	 0,593   	 0,401   	 49,13 	 47,17 	0,8799	 43,229   	 41,505   
10/07/2017	 1,175   	 0,509   	 1,049   	 0,499   	 0,596   	 0,404   	 46,57 	 44,77 	0,8772	 40,851   	 39,272   
17/07/2017	 1,172   	 0,508   	 1,048   	 0,499   	 0,596   	 0,403   	 47,66 	 46,80 	0,8712	 41,521   	 40,772   
24/07/2017	 1,177   	 0,511   	 1,054   	 0,504   	 0,595   	 0,403   	 47,81 	 46,01 	0,859	 41,069   	 39,523   
31/07/2017	 1,181   	 0,515   	 1,061   	 0,510   	 0,594   	 0,402   	 51,99 	 49,97 	0,8445	 43,906   	 42,200   
07/08/2017	 1,188   	 0,520   	 1,072   	 0,519   	 0,617   	 0,421   	 51,42 	 50,06 	0,8478	 43,594   	 42,441   
14/08/2017	 1,192   	 0,523   	 1,073   	 0,519   	 0,619   	 0,423   	 51,29 	 49,46 	0,8489	 43,540   	 41,987   
21/08/2017	 1,191   	 0,523   	 1,071   	 0,517   	 0,615   	 0,419   	 51,94 	 49,80 	0,8464	 43,962   	 42,151   
28/08/2017	 1,190   	 0,522   	 1,067   	 0,515   	 0,610   	 0,414   	 51,87 	 49,86 	0,8348	 43,301   	 41,623   
04/09/2017	 1,200   	 0,530   	 1,072   	 0,519   	 0,617   	 0,421   	 52,60 	 50,36 	0,8406	 44,216   	 42,333   
11/09/2017	 1,218   	 0,545   	 1,084   	 0,529   	 0,632   	 0,433   	 54,20 	 51,82 	0,8367	 45,349   	 43,358   
18/09/2017	 1,214   	 0,542   	 1,090   	 0,533   	 0,629   	 0,430   	 55,50 	 53,78 	0,8366	 46,431   	 44,992   
25/09/2017	 1,211   	 0,539   	 1,095   	 0,537   	 0,635   	 0,436   	 59,42 	 55,62 	0,844	 50,150   	 46,943   
02/10/2017	 1,211   	 0,540   	 1,107   	 0,547   	 0,624   	 0,426   	 55,67 	 54,60 	0,8523	 47,448   	 46,536   
09/10/2017	 1,206   	 0,535   	 1,109   	 0,549   	 0,645   	 0,444   	 55,29 	 53,70 	0,8518	 47,096   	 45,742   
16/10/2017	 1,203   	 0,533   	 1,104   	 0,545   	 0,643   	 0,442   	 57,49 	 55,74 	0,8477	 48,734   	 47,251   
23/10/2017	 1,203   	 0,533   	 1,110   	 0,550   	 0,644   	 0,443   	 57,69 	 55,77 	0,8511	 49,100   	 47,466   
30/10/2017	 1,207   	 0,536   	 1,110   	 0,550   	 0,648   	 0,447   	 60,65 	 58,27 	0,8582	 52,050   	 50,007   
06/11/2017	 1,221   	 0,547   	 1,121   	 0,559   	 0,656   	 0,454   	 64,27 	 61,02 	0,8613	 55,356   	 52,557   
13/11/2017	 1,239   	 0,563   	 1,135   	 0,570   	 0,682   	 0,475   	 62,94 	 61,27 	0,8571	 53,946   	 52,515   
20/11/2017	 1,241   	 0,565   	 1,137   	 0,572   	 0,679   	 0,472   	 61,34 	 60,33 	0,8524	 52,286   	 51,425   
27/11/2017	 1,238   	 0,562   	 1,135   	 0,571   	 0,680   	 0,474   	 63,25 	 61,51 	0,8405	 53,162   	 51,699   
04/12/2017	 1,238   	 0,562   	 1,135   	 0,571   	 0,685   	 0,477   	 63,45 	 61,45 	0,8427	 53,469   	 51,784   
11/12/2017	 1,235   	 0,559   	 1,134   	 0,569   	 0,687   	 0,479   	 65,62 	 61,94 	0,8497	 55,757   	 52,630   
18/12/2017	 1,235   	 0,560   	 1,138   	 0,573   	 0,689   	 0,480   	 64,45 	 61,64 	0,8488	 54,705   	 52,320   
01/01/2018	 1,243   	 0,566   	 1,146   	 0,580   	 0,692   	 0,483   	 66,65 	 64,83 	0,8327	 55,499   	 53,984   
08/01/2018	 1,249   	 0,571   	 1,156   	 0,588   	 0,713   	 0,501   	 68,48 	 65,85 	0,8357	 57,229   	 55,031   
15/01/2018	 1,254   	 0,575   	 1,164   	 0,594   	 0,731   	 0,515   	 70,31 	 67,78 	0,8155	 57,338   	 55,275   
22/01/2018	 1,255   	 0,576   	 1,166   	 0,596   	 0,728   	 0,513   	 69,32 	 66,89 	0,8155	 56,530   	 54,549   
29/01/2018	 1,256   	 0,577   	 1,164   	 0,594   	 0,725   	 0,510   	 68,41 	 67,60 	0,8076	 55,248   	 54,594   
05/02/2018	 1,257   	 0,577   	 1,163   	 0,594   	 0,718   	 0,504   	 67,69 	 65,70 	0,8085	 54,727   	 53,118   
12/02/2018	 1,248   	 0,570   	 1,154   	 0,586   	 0,705   	 0,494   	 62,20 	 61,04 	0,8135	 50,600   	 49,656   
19/02/2018	 1,228   	 0,554   	 1,133   	 0,569   	 0,685   	 0,477   	 64,95 	 62,89 	0,806	 52,350   	 50,689   
26/02/2018	 1,224   	 0,551   	 1,130   	 0,566   	 0,685   	 0,477   	 67,96 	 65,18 	0,8119	 55,177   	 52,920   
05/03/2018	 1,227   	 0,553   	 1,137   	 0,572   	 0,689   	 0,481   	 65,78 	 62,89 	0,8106	 53,321   	 50,979   
12/03/2018	 1,222   	 0,548   	 1,131   	 0,567   	 0,682   	 0,474   	 64,53 	 62,53 	0,8107	 52,314   	 50,693   
19/03/2018	 1,221   	 0,547   	 1,130   	 0,566   	 0,679   	 0,472   	 64,82 	 63,31 	0,8107	 52,550   	 51,325   
26/03/2018	 1,237   	 0,561   	 1,140   	 0,575   	 0,674   	 0,468   	 68,81 	 66,80 	0,8037	 55,303   	 53,687   
09/04/2018	 1,253   	 0,575   	 1,155   	 0,587   	 0,705   	 0,494   	 68,19 	 65,09 	0,8116	 55,343   	 52,827   
16/04/2018	 1,261   	 0,581   	 1,164   	 0,595   	 0,715   	 0,502   	 73,18 	 68,41 	0,8078	 59,115   	 55,262   
23/04/2018	 1,269   	 0,588   	 1,173   	 0,602   	 0,723   	 0,508   	 74,54 	 70,51 	0,819	 61,048   	 57,748   
30/04/2018	 1,279   	 0,596   	 1,183   	 0,611   	 0,719   	 0,505   	 75,92 	 71,01 	0,8279	 62,854   	 58,789   
07/05/2018	 1,286   	 0,602   	 1,191   	 0,617   	 0,740   	 0,522   	 74,75 	 72,45 	0,8387	 62,693   	 60,764   
14/05/2018	 1,302   	 0,615   	 1,207   	 0,630   	 0,741   	 0,523   	 78,17 	 74,20 	0,8385	 65,546   	 62,217   
21/05/2018	 1,323   	 0,632   	 1,228   	 0,647   	 0,769   	 0,546   	 78,34 	 76,21 	0,8481	 66,440   	 64,634   
28/05/2018	 1,335   	 0,642   	 1,241   	 0,658   	 0,777   	 0,552   	 74,51 	 73,37 	0,8603	 64,101   	 63,120   
04/06/2018	 1,337   	 0,644   	 1,243   	 0,660   	 0,785   	 0,560   	 73,41 	 73,56 	0,8548	 62,751   	 62,879   
11/06/2018	 1,333   	 0,641   	 1,238   	 0,656   	 0,774   	 0,551   	 74,58 	 73,96 	0,8487	 63,296   	 62,770   
18/06/2018	 1,328   	 0,637   	 1,232   	 0,651   	 0,778   	 0,554   	 74,87 	 71,09 	0,8603	 64,411   	 61,159   
25/06/2018	 1,320   	 0,629   	 1,223   	 0,643   	 0,778   	 0,552   	 72,82 	 72,15 	0,8545	 62,225   	 61,652   
02/07/2018	 1,318   	 0,628   	 1,222   	 0,642   	 0,777   	 0,551   	 76,71 	 75,28 	0,8591	 65,902   	 64,673   
09/07/2018	 1,326   	 0,634   	 1,229   	 0,648   	 0,789   	 0,562   	 77,08 	 75,23 	0,8509	 65,587   	 64,013   
16/07/2018	 1,326   	 0,635   	 1,229   	 0,649   	 0,776   	 0,550   	 71,03 	 71,90 	0,8539	 60,653   	 61,395   
23/07/2018	 1,318   	 0,628   	 1,221   	 0,642   	 0,780   	 0,554   	 73,45 	 71,85 	0,8552	 62,814   	 61,446   
30/07/2018	 1,319   	 0,629   	 1,222   	 0,642   	 0,782   	 0,555   	 74,99 	 73,53 	0,8542	 64,056   	 62,809   
06/08/2018	 1,325   	 0,634   	 1,226   	 0,646   	 0,782   	 0,555   	 72,51 	 72,27 	0,8656	 62,765   	 62,557   
13/08/2018	 1,327   	 0,635   	 1,227   	 0,646   	 0,782   	 0,555   	 70,62 	 70,97 	0,8765	 61,898   	 62,205   
20/08/2018	 1,328   	 0,636   	 1,229   	 0,648   	 0,785   	 0,558   	 71,11 	 70,64 	0,871	 61,937   	 61,527   
27/08/2018	 1,329   	 0,637   	 1,230   	 0,650   	 0,782   	 0,556   	 74,41 	 74,09 	0,8563	 63,717   	 63,443   
03/09/2018	 1,336   	 0,643   	 1,239   	 0,656   	 0,790   	 0,562   	 77,81 	 75,77 	0,8603	 66,940   	 65,185   
10/09/2018	 1,341   	 0,647   	 1,246   	 0,663   	 0,803   	 0,573   	 76,77 	 75,20 	0,8626	 66,222   	 64,868   
17/09/2018	 1,338   	 0,644   	 1,248   	 0,664   	 0,791   	 0,563   	 78,22 	 76,19 	0,8559	 66,948   	 65,211   
24/09/2018	 1,332   	 0,640   	 1,245   	 0,661   	 0,806   	 0,575   	 80,89 	 78,81 	0,8512	 68,854   	 67,083   
01/10/2018	 1,335   	 0,642   	 1,250   	 0,666   	 0,822   	 0,589   	 84,94 	 81,58 	0,8638	 73,371   	 70,469   
08/10/2018	 1,351   	 0,655   	 1,271   	 0,683   	 0,863   	 0,624   	 84,22 	 81,88 	0,8701	 73,280   	 71,244   
15/10/2018	 1,357   	 0,660   	 1,285   	 0,695   	 0,857   	 0,619   	 80,91 	 79,31 	0,8637	 69,882   	 68,500   
22/10/2018	 1,344   	 0,650   	 1,276   	 0,687   	 0,844   	 0,607   	 80,45 	 78,68 	0,8722	 70,168   	 68,625   
29/10/2018	 1,340   	 0,646   	 1,277   	 0,688   	 0,847   	 0,611   	 77,56 	 76,07 	0,8793	 68,199   	 66,888   
05/11/2018	 1,335   	 0,642   	 1,275   	 0,686   	 0,843   	 0,606   	 72,68 	 71,45 	0,8767	 63,719   	 62,640   
12/11/2018	 1,316   	 0,626   	 1,263   	 0,677   	 0,827   	 0,593   	 69,81 	 69,82 	0,8914	 62,229   	 62,238   
19/11/2018	 1,296   	 0,610   	 1,247   	 0,664   	 0,815   	 0,584   	 64,14 	 65,46 	0,8731	 56,001   	 57,153   
26/11/2018	 1,272   	 0,590   	 1,226   	 0,646   	 0,790   	 0,562   	 59,70 	 59,29 	0,8828	 52,703   	 52,341   
03/12/2018	 1,242   	 0,565   	 1,196   	 0,621   	 0,760   	 0,536   	 60,17 	 60,57 	0,8808	 52,998   	 53,350   
10/12/2018	 1,224   	 0,550   	 1,177   	 0,605   	 0,747   	 0,527   	 60,29 	 59,72 	0,8806	 53,091   	 52,589   
17/12/2018	 1,212   	 0,540   	 1,164   	 0,594   	 0,736   	 0,519   	 57,59 	 58,24 	0,8812	 50,748   	 51,321   
07/01/2019	 1,180   	 0,502   	 1,130   	 0,555   	 0,690   	 0,473   	 57,10 	 56,43 	0,8714	 49,757   	 49,173   
14/01/2019	 1,197   	 0,517   	 1,148   	 0,570   	 0,716   	 0,495   	 58,80 	 58,39 	0,8713	 51,232   	 50,875   
21/01/2019	 1,213   	 0,530   	 1,166   	 0,585   	 0,729   	 0,505   	 62,18 	 61,49 	0,8798	 54,706   	 54,099   
28/01/2019	 1,222   	 0,537   	 1,178   	 0,594   	 0,730   	 0,506   	 59,71 	 59,57 	0,8751	 52,252   	 52,130   
04/02/2019	 1,226   	 0,541   	 1,185   	 0,600   	 0,735   	 0,510   	 62,26 	 62,32 	0,8742	 54,428   	 54,480   
11/02/2019	 1,231   	 0,544   	 1,191   	 0,605   	 0,743   	 0,517   	 61,30 	 61,40 	0,8869	 54,367   	 54,456   
18/02/2019	 1,236   	 0,549   	 1,200   	 0,613   	 0,759   	 0,531   	 66,41 	 66,03 	0,8841	 58,713   	 58,377   
25/02/2019	 1,253   	 0,563   	 1,220   	 0,629   	 0,778   	 0,546   	 64,02 	 65,36 	0,8803	 56,357   	 57,536   
04/03/2019	 1,258   	 0,567   	 1,225   	 0,634   	 0,776   	 0,544   	 64,44 	 64,86 	0,8819	 56,830   	 57,200   
11/03/2019	 1,261   	 0,570   	 1,229   	 0,637   	 0,778   	 0,547   	 65,06 	 66,01 	0,8889	 57,832   	 58,676   
18/03/2019	 1,268   	 0,575   	 1,230   	 0,638   	 0,778   	 0,546   	 66,65 	 66,87 	0,8821	 58,792   	 58,986   
25/03/2019	 1,278   	 0,583   	 1,228   	 0,636   	 0,770   	 0,539   	 67,37 	 66,19 	0,884	 59,555   	 58,512   
01/04/2019	 1,291   	 0,594   	 1,228   	 0,636   	 0,775   	 0,544   	 69,08 	 68,31 	0,8918	 61,606   	 60,919   
08/04/2019	 1,308   	 0,608   	 1,232   	 0,640   	 0,782   	 0,550   	 71,12 	 70,33 	0,8881	 63,162   	 62,460   
15/04/2019	 1,330   	 0,626   	 1,242   	 0,648   	 0,795   	 0,560   	 70,90 	 70,21 	0,8842	 62,690   	 62,080   
29/04/2019	 1,354   	 0,646   	 1,257   	 0,660   	 0,808   	 0,571   	 71,22 	 71,07 	0,894	 63,671   	 63,537   
06/05/2019	 1,358   	 0,650   	 1,258   	 0,661   	 0,809   	 0,572   	 71,95 	 70,23 	0,893	 64,251   	 62,715   
13/05/2019	 1,355   	 0,647   	 1,258   	 0,661   	 0,811   	 0,573   	 72,35 	 71,21 	0,891	 64,464   	 63,448   
20/05/2019	 1,355   	 0,647   	 1,259   	 0,662   	 0,812   	 0,575   	 73,21 	 72,47 	0,8952	 65,538   	 64,875   
27/05/2019	 1,357   	 0,649   	 1,261   	 0,663   	 0,814   	 0,576   	 67,98 	 67,42 	0,893	 60,706   	 60,206   
03/06/2019	 1,349   	 0,642   	 1,247   	 0,652   	 0,791   	 0,557   	 63,16 	 61,61 	0,8896	 56,187   	 54,808   
10/06/2019	 1,325   	 0,622   	 1,219   	 0,629   	 0,747   	 0,520   	 64,31 	 63,01 	0,8838	 56,837   	 55,688   
17/06/2019	 1,307   	 0,607   	 1,199   	 0,612   	 0,743   	 0,517   	 62,56 	 61,60 	0,8914	 55,766   	 54,910   
24/06/2019	 1,302   	 0,603   	 1,194   	 0,608   	 0,757   	 0,529   	 65,16 	 65,05 	0,8772	 57,158   	 57,062   
01/07/2019	 1,308   	 0,609   	 1,201   	 0,614   	 0,770   	 0,540   	 65,10 	 65,71 	0,8861	 57,685   	 58,226   
08/07/2019	 1,312   	 0,611   	 1,205   	 0,617   	 0,772   	 0,541   	 64,89 	 64,72 	0,8918	 57,869   	 57,717   
15/07/2019	 1,321   	 0,619   	 1,211   	 0,621   	 0,768   	 0,538   	 66,86 	 66,79 	0,8882	 59,385   	 59,323   
22/07/2019	 1,330   	 0,626   	 1,214   	 0,624   	 0,776   	 0,545   	 61,96 	 64,27 	0,8921	 55,275   	 57,335   
29/07/2019	 1,328   	 0,624   	 1,212   	 0,623   	 0,771   	 0,540   	 62,29 	 63,79 	0,8973	 55,893   	 57,239   
05/08/2019	 1,331   	 0,628   	 1,217   	 0,627   	 0,784   	 0,551   	 59,32 	 60,54 	0,8927	 52,955   	 54,044   
12/08/2019	 1,322   	 0,620   	 1,208   	 0,619   	 0,760   	 0,532   	 57,13 	 57,96 	0,8919	 50,954   	 51,695   
19/08/2019	 1,313   	 0,612   	 1,200   	 0,613   	 0,765   	 0,536   	 59,79 	 59,46 	0,9027	 53,972   	 53,675   
26/08/2019	 1,309   	 0,609   	 1,198   	 0,611   	 0,766   	 0,537   	 58,64 	 59,18 	0,9008	 52,823   	 53,309   
02/09/2019	 1,307   	 0,607   	 1,198   	 0,611   	 0,765   	 0,535   	 58,55 	 58,76 	0,9117	 53,380   	 53,571   
09/09/2019	 1,302   	 0,603   	 1,200   	 0,613   	 0,774   	 0,543   	 63,99 	 62,00 	0,9052	 57,924   	 56,122   
16/09/2019	 1,304   	 0,605   	 1,209   	 0,620   	 0,788   	 0,554   	 68,42 	 66,43 	0,909	 62,194   	 60,385   
23/09/2019	 1,318   	 0,617   	 1,226   	 0,634   	 0,801   	 0,565   	 64,66 	 64,51 	0,9096	 58,815   	 58,678   
30/09/2019	 1,321   	 0,619   	 1,230   	 0,637   	 0,795   	 0,560   	 60,99 	 61,09 	0,9174	 55,952   	 56,044   
07/10/2019	 1,314   	 0,613   	 1,221   	 0,630   	 0,770   	 0,540   	 59,46 	 59,09 	0,9115	 54,198   	 53,861   
14/10/2019	 1,308   	 0,609   	 1,213   	 0,624   	 0,769   	 0,539   	 58,81 	 59,95 	0,9067	 53,323   	 54,357   
21/10/2019	 1,302   	 0,604   	 1,212   	 0,622   	 0,767   	 0,537   	 58,95 	 59,50 	0,897	 52,878   	 53,372   
28/10/2019	 1,297   	 0,599   	 1,212   	 0,623   	 0,769   	 0,539   	 60,39 	 61,65 	0,9009	 54,405   	 55,540   
04/11/2019	 1,297   	 0,599   	 1,214   	 0,625   	 0,768   	 0,538   	 62,52 	 62,00 	0,8986	 56,180   	 55,713   
11/11/2019	 1,300   	 0,601   	 1,216   	 0,626   	 0,766   	 0,536   	 62,58 	 62,26 	0,9064	 56,723   	 56,432   
18/11/2019	 1,298   	 0,600   	 1,215   	 0,625   	 0,771   	 0,540   	 62,82 	 63,44 	0,9032	 56,739   	 57,299   
25/11/2019	 1,299   	 0,601   	 1,215   	 0,625   	 0,767   	 0,537   	 64,67 	 64,21 	0,908	 58,720   	 58,303   
02/12/2019	 1,306   	 0,607   	 1,219   	 0,629   	 0,766   	 0,536   	 63,20 	 62,50 	0,9026	 57,044   	 56,413   
09/12/2019	 1,305   	 0,605   	 1,218   	 0,628   	 0,768   	 0,538   	 66,44 	 65,57 	0,9039	 60,055   	 59,269   
16/12/2019	 1,303   	 0,604   	 1,221   	 0,630   	 0,772   	 0,542   	 68,04 	 67,22 	0,8973	 61,052   	 60,317   